id,installation_id,circuit_id,ocpp_name,device_uid,licence_id,model,serial_number,vendor,firmware_version,firmware_freeze,datetime_bootnotification,num_connectors,max_amps,shared,last_contact,location,disabled,auto_update,datetime_created
1,2,1,P4,,233,Grizzl-E Smart,GRS-03.00003507a,Grizzl-E,6.1.4:GCW-10.17-05.3,0,,1,40.0,0,2025-01-02 16:40:53,,,0,2023-11-11 15:31:45
2,2,1,P5,,2,Grizzl-E Smart,GRS-03.000035036,Grizzl-E,6.1.4:GCW-10.17-05.3,0,,1,40.0,0,2025-01-02 16:40:52,,,0,2023-11-11 15:44:27
3,2,1,P6,,3,,,,,0,,1,40.0,0,,,,0,2023-11-11 15:44:27
4,2,1,P7,,4,,,,,0,,1,40.0,0,,,,0,2023-11-11 15:44:27
5,2,2,P36,,5,,,,,0,,1,40.0,0,,,,0,2023-11-11 15:44:27
6,2,2,P37,,6,,,,,0,,1,40.0,0,,,,0,2023-11-11 15:44:27
7,2,2,P38,,7,,,,,0,,1,40.0,0,,,,0,2023-11-11 15:44:27
8,2,2,P39,,8,,,,,0,,1,40.0,0,,,,0,2023-11-11 15:44:27
9,2,5,P2,,9,Grizzl-E Smart,GRS-03.000035075,Grizzl-E,6.1.4:GCW-10.17-05.3,0,,1,40.0,0,2025-01-02 16:40:53,,,0,2023-11-11 15:44:27
10,2,5,P3,,10,Grizzl-E Smart,GRS-03.000035218,Grizzl-E,6.1.4:GCW-10.17-05.3,0,,1,40.0,0,2025-01-02 16:41:11,,,0,2023-11-11 15:44:27
11,2,5,P9,,11,Grizzl-E Smart,GRS-03.000035046,Grizzl-E,6.1.4:GCW-10.17-05.3,0,,1,40.0,0,2025-01-02 16:40:58,,,0,2023-11-11 15:44:27
12,2,5,P17,,12,,,,,0,,1,40.0,0,,,,0,2023-11-11 15:44:27
13,2,6,P40,,13,,,,,0,,1,40.0,0,,,,0,2023-11-11 15:44:27
14,2,6,P41,,14,,,,,0,,1,40.0,0,,,,0,2023-11-11 15:44:27
15,2,6,P42,,15,,,,,0,,1,40.0,0,,,,0,2023-11-11 15:44:27
16,2,6,P43,,16,,,,,0,,1,40.0,0,,,,0,2023-11-11 15:44:27
17,2,9,P10,,17,,,,,0,,1,40.0,0,,,,0,2023-11-11 15:44:27
18,2,9,P11,,18,,,,,0,,1,40.0,0,,,,0,2023-11-11 15:44:27
19,2,9,P12,,19,,,,,0,,1,40.0,0,,,,0,2023-11-11 15:44:27
20,2,9,P13,,20,,,,,0,,1,40.0,0,,,,0,2023-11-11 15:44:27
21,2,10,P44,,21,Grizzl-E Smart,GRS-03.00003520a,Grizzl-E,6.1.4:GCW-10.17-05.3,0,,1,40.0,0,2025-01-02 16:40:53,,,0,2023-11-11 15:44:27
22,2,10,P45,,22,,,,,0,,1,40.0,0,,,,0,2023-11-11 15:44:27
23,2,10,P46,,23,,,,,0,,1,40.0,0,,,,0,2023-11-11 15:44:27
24,2,10,P47,,24,Grizzl-E Smart,GRS-03.00003506b,Grizzl-E,6.1.4:GCW-10.17-05.3,0,,1,40.0,0,2025-01-02 16:40:58,,,0,2023-11-11 15:44:27
25,2,13,P14,,25,,,,,0,,1,40.0,0,,,,0,2023-11-11 15:44:27
26,2,13,P15,,26,,,,,0,,1,40.0,0,,,,0,2023-11-11 15:44:27
27,2,13,P22,,27,,,,,0,,1,40.0,0,,,,0,2023-11-11 15:44:27
28,2,13,P23,,28,c8,P23,Variablegrid,V00.50.02,0,,1,40.0,0,2025-01-02 16:41:08,,,0,2023-11-11 15:44:27
29,2,14,P30,,29,,,,,0,,1,40.0,0,,,,0,2023-11-11 15:44:27
30,2,14,P31,,30,,,,,0,,1,40.0,0,,,,0,2023-11-11 15:44:27
31,2,14,P32,,31,,,,,0,,1,40.0,0,,,,0,2023-11-11 15:44:27
32,2,14,P33,,32,Grizzl-E Smart,GRS-03.000035089,Grizzl-E,6.1.4:GCW-10.17-05.3,0,,1,40.0,0,2025-01-02 16:40:52,,,0,2023-11-11 15:44:27
33,2,17,P18,,33,,,,,0,,1,40.0,0,,,,0,2023-11-11 15:44:27
34,2,17,P19,,34,,,,,0,,1,40.0,0,,,,0,2023-11-11 15:44:27
35,2,17,P20,,35,,,,,0,,1,40.0,0,,,,0,2023-11-11 15:44:27
36,2,17,P21,,36,,,,,0,,1,40.0,0,,,,0,2023-11-11 15:44:27
37,2,18,P26,,37,c8,P26,Variablegrid,V00.50.02,0,,1,40.0,0,2025-01-02 16:41:07,,,0,2023-11-11 15:44:27
38,2,18,P27,,38,,,,,0,,1,40.0,0,,,,0,2023-11-11 15:44:27
39,2,18,P28,,39,c8,P28,Variablegrid,V00.50.02,0,,1,40.0,0,2025-01-02 16:41:02,,,0,2023-11-11 15:44:27
40,2,18,P29,,40,Grizzl-E Smart,GRS-03.0000342e9,Grizzl-E,6.1.4:GCW-10.17-05.3,0,,1,40.0,0,2025-01-02 16:40:53,,,0,2023-11-11 15:44:27
41,2,21,P24,,41,,,,,0,,1,40.0,0,,,,0,2023-11-11 15:44:27
42,2,21,P25,,42,,,,,0,,1,40.0,0,,,,0,2023-11-11 15:44:27
43,2,21,P34,,43,,,,,0,,1,40.0,0,,,,0,2023-11-11 15:44:27
44,2,21,P35,,44,,,,,0,,1,40.0,0,,,,0,2023-11-11 15:44:27
45,2,25,P1,,45,c8,P1,Variablegrid,V00.50.02,0,,1,40.0,0,2025-01-02 16:41:09,,,0,2023-11-11 15:44:27
46,2,25,P8,,46,Grizzl-E Smart,GRS-03.00003506c,Grizzl-E,6.1.4:GCW-10.17-05.3,0,,1,40.0,0,2025-01-02 16:40:52,,,0,2023-11-11 15:44:27
47,2,25,P16,,47,,,,,0,,1,40.0,0,,,,0,2023-11-11 15:44:27
48,3,26,P8,,48,c8,P8,Variablegrid,V00.50.02,0,,1,40.0,0,2025-01-02 16:40:53,,,0,2023-11-11 15:44:27
49,3,26,P9,,49,c8,P9,Variablegrid,V00.50.02,0,,1,40.0,0,2025-01-02 16:40:49,,,0,2023-11-11 15:44:27
50,3,26,P10,,50,c8,P10,Variablegrid,V00.50.02,0,,1,40.0,0,2025-01-02 16:41:02,,,0,2023-11-11 15:44:27
51,3,27,P5,,51,,,,,0,,1,40.0,0,,,,0,2023-11-11 15:44:27
52,3,27,P6,,52,,,,,0,,1,40.0,0,,,,0,2023-11-11 15:44:27
53,3,27,P7,,53,,,,,0,,1,40.0,0,,,,0,2023-11-11 15:44:27
54,3,28,P14,,54,c8,P14,Variablegrid,V00.50.02,0,,1,40.0,0,2025-01-02 16:40:56,,,0,2023-11-11 15:44:27
55,3,28,P15,,55,c8,P15,Variablegrid,V00.50.02,0,,1,40.0,0,2025-01-02 16:41:04,,,0,2023-11-11 15:44:27
56,3,28,P16,,56,c8,P16,Variablegrid,V00.50.02,0,,1,40.0,0,2025-01-02 16:40:50,,,0,2023-11-11 15:44:27
57,3,29,P1,,57,,,,,0,,1,40.0,0,,,,0,2023-11-11 15:44:27
58,3,29,P2,,58,,,,,0,,1,40.0,0,,,,0,2023-11-11 15:44:27
59,3,29,P3,,59,c8,P3,Variablegrid,V00.50.02,0,,1,40.0,0,2025-01-02 16:40:50,,,0,2023-11-11 15:44:27
60,3,30,P11,,60,,,,,0,,1,40.0,0,,,,0,2023-11-11 15:44:27
61,3,30,P12,,61,c8,P12,Variablegrid,V00.50.02,0,,1,40.0,0,2025-01-02 16:40:58,,,0,2023-11-11 15:44:27
62,3,30,P13,,62,c8,P13,Variablegrid,V00.50.02,0,,1,40.0,0,2025-01-02 16:40:51,,,0,2023-11-11 15:44:27
63,3,31,P4,,63,c8,P4,Variablegrid,V00.50.02,0,,1,40.0,0,2025-01-02 16:41:03,,,0,2023-11-11 15:44:27
64,3,31,P20,,64,,,,,0,,1,40.0,0,,,,0,2023-11-11 15:44:27
65,3,31,P21,,65,,,,,0,,1,40.0,0,,,,0,2023-11-11 15:44:27
66,3,32,P17,,66,,,,,0,,1,40.0,0,,,,0,2023-11-11 15:44:27
67,3,32,P18,,67,c8,P18,Variablegrid,V00.50.02,0,,1,40.0,0,2025-01-02 16:41:00,,,0,2023-11-11 15:44:27
68,3,32,P19,,68,,,,,0,,1,40.0,0,,,,0,2023-11-11 15:44:27
69,4,33,P2-33,,69,EVO32-320-001,1EO5-1-2128-00358,EVoCharge,V1.00.72EVO (BBOX: V,0,,1,40.0,0,2025-01-02 16:35:35,,,0,2023-11-11 15:44:27
70,4,33,P2-34,,70,EVO32-320-001,1EO5-1-2119-00085,EVoCharge,V1.00.72EVO (BBOX: V,0,,1,40.0,0,2025-01-02 16:35:31,,,0,2023-11-11 15:44:27
71,4,33,P2-35,,71,EVO32-320-001,1EO5-1-2132-00043,EVoCharge,V1.00.72EVO (BBOX: V,0,,1,40.0,0,2025-01-02 16:35:46,,,0,2023-11-11 15:44:27
72,4,34,P2-29,,72,,,,,0,,1,40.0,0,,,,0,2023-11-11 15:44:27
73,4,34,P2-30,,73,,,,,0,,1,40.0,0,,,,0,2023-11-11 15:44:27
74,4,34,P2-31,,74,EVO32-320-001,1EO5-1-2119-00025,EVoCharge,V1.00.72EVO (BBOX: V,0,,1,40.0,0,2025-01-02 16:35:33,,,0,2023-11-11 15:44:27
75,4,34,P2-32,,75,EVO32-320-001,1EO5-1-2132-00105,EVoCharge,V1.00.72EVO (BBOX: V,0,,1,40.0,0,2025-01-02 16:35:34,,,0,2023-11-11 15:44:27
76,4,35,P2-25,,76,EVO32-320-001,1EO5-1-2128-00357,EVoCharge,V1.00.72EVO (BBOX: V,0,,1,40.0,0,2025-01-02 16:35:48,,,0,2023-11-11 15:44:27
77,4,35,P2-26,,77,EVO32-320-001,1EO5-1-2128-00058,EVoCharge,V1.00.72EVO (BBOX: V,0,,1,40.0,0,2025-01-02 16:35:42,,,0,2023-11-11 15:44:27
78,4,35,P2-27,,78,,,,,0,,1,40.0,0,,,,0,2023-11-11 15:44:27
79,4,35,P2-28,,79,EVO32-320-001,1EO5-1-2119-00083,EVoCharge,V1.00.72EVO (BBOX: V,0,,1,40.0,0,2025-01-02 16:35:48,,,0,2023-11-11 15:44:27
80,4,36,P2-21,,80,EVO32-320-001,1EO5-1-2128-00061,EVoCharge,V1.00.72EVO (BBOX: V,0,,1,40.0,0,2025-01-02 16:35:39,,,0,2023-11-11 15:44:27
81,4,36,P2-22,,81,,,,,0,,1,40.0,0,2024-08-11 12:41:03,,,0,2023-11-11 15:44:27
82,4,36,P2-23,,82,,,,,0,,1,40.0,0,2024-12-27 17:38:57,,,0,2023-11-11 15:44:27
83,4,36,P2-24,,83,EVO32-320-001,1EO5-1-2119-00029,EVoCharge,V1.00.72EVO (BBOX: V,0,,1,40.0,0,2025-01-02 16:35:46,,,0,2023-11-11 15:44:27
84,4,37,P2-9,,84,EVO32-320-001,1EO5-1-2119-00091,EVoCharge,V1.00.72EVO (BBOX: V,0,,1,40.0,0,2025-01-02 16:35:44,,,0,2023-11-11 15:44:27
85,4,37,P2-18,,85,,,,,0,,1,40.0,0,,,,0,2023-11-11 15:44:27
86,4,37,P2-19,,86,EVO32-320-001,1EO5-1-2133-00313,EVoCharge,V1.00.72EVO (BBOX: V,0,,1,40.0,0,2025-01-02 16:35:30,,,0,2023-11-11 15:44:27
87,4,37,P2-20,,87,,,,,0,,1,40.0,0,,,,0,2023-11-11 15:44:27
88,4,38,P2-36,,88,EVO32-320-001,1EO5-1-2128-00185,EVoCharge,V1.00.72EVO (BBOX: V,0,,1,40.0,0,2025-01-02 16:35:48,,,0,2023-11-11 15:44:27
89,4,38,P2-37,,89,EVO32-320-001,1EO5-1-2119-00032,EVoCharge,V1.00.72EVO (BBOX: V,0,,1,40.0,0,2025-01-02 16:35:40,,,0,2023-11-11 15:44:27
90,4,39,P2-14,,90,,,,,0,,1,40.0,0,,,,0,2023-11-11 15:44:27
91,4,39,P2-15,,91,,,,,0,,1,40.0,0,2024-11-30 11:55:37,,,0,2023-11-11 15:44:27
92,4,39,P2-16,,92,EVO32-320-001,1EO5-1-2128-00473,EVoCharge,V1.00.72EVO (BBOX: V,0,,1,40.0,0,2025-01-02 16:35:40,,,0,2023-11-11 15:44:27
93,4,39,P2-17,,93,EVO32-320-002,1EO4-6-2303-00180,EVoCharge,V1.00.88EVO (BBOX: V,0,,1,40.0,0,2025-01-02 16:35:41,,,0,2023-11-11 15:44:27
94,4,40,P2-10,,94,EVO32-320-001,1EO5-1-2128-00352,EVoCharge,V1.00.72EVO (BBOX: V,0,,1,40.0,0,2025-01-02 16:35:42,,,0,2023-11-11 15:44:27
95,4,40,P2-11,,95,,,,,0,,1,40.0,0,,,,0,2023-11-11 15:44:27
96,4,40,P2-12,,96,EVO32-320-001,1EO5-1-2132-00041,EVoCharge,V1.00.72EVO (BBOX: V,0,,1,40.0,0,2025-01-02 16:35:44,,,0,2023-11-11 15:44:27
97,4,40,P2-13,,97,,,,,0,,1,40.0,0,,,,0,2023-11-11 15:44:27
98,4,41,P2-1,,98,,,,,0,,1,40.0,0,,,,0,2023-11-11 15:44:27
99,4,41,P2-2,,99,EVO32-320-001,1EO5-1-2128-00367,EVoCharge,V1.00.72EVO (BBOX: V,0,,1,40.0,0,2025-01-02 16:35:44,,,0,2023-11-11 15:44:27
100,4,41,P2-3,,100,,,,,0,,1,40.0,0,,,,0,2023-11-11 15:44:27
101,4,41,P2-4,,101,EVO32-320-001,1EO5-1-2119-00092,EVoCharge,V1.00.72EVO (BBOX: V,0,,1,40.0,0,2025-01-02 16:35:43,,,0,2023-11-11 15:44:27
102,4,42,P2-5,,102,EVO32-320-001,1EO5-1-2128-00062,EVoCharge,V1.00.72EVO (BBOX: V,0,,1,40.0,0,2025-01-02 16:39:56,,,0,2023-11-11 15:44:27
103,4,42,P2-6,,103,EVO32-320-001,1EO5-1-2133-00287,EVoCharge,V1.00.72EVO (BBOX: V,0,,1,40.0,0,2025-01-02 16:35:45,,,0,2023-11-11 15:44:27
104,4,42,P2-7,,104,,,,,0,,1,40.0,0,,,,0,2023-11-11 15:44:27
105,4,42,P2-8,,105,EVO32-320-001,1EO5-1-2128-00192,EVoCharge,V1.00.72EVO (BBOX: V,0,,1,40.0,0,2025-01-02 16:35:44,,,0,2023-11-11 15:44:27
106,5,43,C1-B1,,106,EVO32-320-001,1EO5-1-2152-00210,EVoCharge,V1.00.72EVO (BBOX: V,0,,1,40.0,0,2025-01-02 16:37:32,,,0,2023-11-11 15:44:27
107,5,44,C2-B2R,,107,,,,,0,,1,40.0,0,2025-01-02 16:26:55,,,0,2023-11-11 15:44:27
108,5,44,C2-B2L,,108,EVO32-320-001,1EO5-1-2152-00088,EVoCharge,V1.00.72EVO (BBOX: V,0,,1,40.0,0,2025-01-02 16:38:19,,,0,2023-11-11 15:44:27
109,5,44,C2-B3,,109,EVO32-320-001,1EO5-1-2128-00037,EVoCharge,V1.00.72EVO (BBOX: V,0,,1,40.0,0,2025-01-02 16:36:47,,,0,2023-11-11 15:44:27
110,5,45,C3-EXT-NORTH,,110,EVO32-320-001,1EO5-1-2119-00028,EVoCharge,V1.00.72EVO (BBOX: V,0,,1,40.0,0,2025-01-02 16:38:19,,,0,2023-11-11 15:44:27
111,5,45,C3-EXT-SE,,111,EVO32-320-001,1EO5-1-2152-00078,EVoCharge,V1.00.72EVO (BBOX: V,0,,1,40.0,0,2025-01-02 16:38:20,,,0,2023-11-11 15:44:27
112,6,46,GS-1,,176,Grizzl-E Smart,GRS-000000030482,Grizzl-E,6.1.2:7620:B18A,0,,1,40.0,0,2024-11-29 19:14:40,PS-111,0,0,2023-11-11 15:44:27
113,6,46,EVO-1,,113,,,,,0,,1,40.0,0,2024-09-18 13:48:44,,0,0,2023-11-11 15:44:27
114,7,47,B1-109,,115,Grizzl-E Smart,GRS-03.00003315e,Grizzl-E,6.1.2:7452:B29A,0,,1,40.0,0,2025-01-02 16:39:34,,,0,2023-11-11 15:44:27
115,7,48,B1-126,,116,Grizzl-E Smart,GRS-03.00003315c,Grizzl-E,6.1.2:7452:B29A,0,,1,40.0,0,2025-01-02 16:39:41,,,0,2023-11-11 15:44:27
116,7,49,B1-133,,117,Grizzl-E Smart,GRS-03.000033183,Grizzl-E,6.1.2:7452:B29A,0,,1,40.0,0,2025-01-02 16:39:35,,,0,2023-11-11 15:44:27
117,7,50,B1-136,,118,Grizzl-E Smart,GRS-03.000033167,Grizzl-E,6.1.2:7452:B29A,0,,1,40.0,0,2025-01-02 16:39:34,,,0,2023-11-11 15:44:27
118,7,50,B1-134,,119,Grizzl-E Smart,GRS-03.000033179,Grizzl-E,6.1.2:7452:B29A,0,,1,40.0,0,2025-01-02 16:39:52,,,0,2023-11-11 15:44:27
119,7,51,B1-138,,120,Grizzl-E Smart,GRS-03.00003317c,Grizzl-E,6.1.2:7452:B29A,0,,1,40.0,0,2025-01-02 16:39:34,,,0,2023-11-11 15:44:27
120,7,52,B2-85,,121,Grizzl-E Smart,GRS-03.0000331c3,Grizzl-E,6.1.2:7452:B29A,0,,1,40.0,0,2025-01-02 16:38:19,,,0,2023-11-11 15:44:27
121,7,53,B2-82,,122,Grizzl-E Smart,GRS-03.000033187,Grizzl-E,6.1.2:7452:B29A,0,,1,40.0,0,2025-01-02 16:38:19,,,0,2023-11-11 15:44:27
122,7,54,B2-70,,123,Grizzl-E Smart,GRS-03.000033156,Grizzl-E,6.1.2:7452:B29A,0,,1,40.0,0,2025-01-02 16:38:20,,,0,2023-11-11 15:44:27
123,7,55,B2-65,,124,Grizzl-E Smart,GRS-03.000033172,Grizzl-E,6.1.2:7452:B29A,0,,1,40.0,0,2025-01-02 16:36:48,,,0,2023-11-11 15:44:27
124,7,55,B2-66,,125,Grizzl-E Smart,GRS-03.0000331b5,Grizzl-E,6.1.4:GCW-10.17-05.3,0,,1,40.0,0,2025-01-02 16:38:19,,,0,2023-11-11 15:44:27
125,7,56,B2-93,,126,Grizzl-E Smart,GRS-03.0000331c6,Grizzl-E,6.1.2:7452:B29A,0,,1,40.0,0,2025-01-02 16:38:20,,,0,2023-11-11 15:44:27
126,7,56,B2-96,,127,Grizzl-E Smart,GRS-03.000033180,Grizzl-E,6.1.2:7452:B29A,0,,1,40.0,0,2025-01-02 16:38:20,,,0,2023-11-11 15:44:27
127,7,57,B2-89,,128,Grizzl-E Smart,GRS-03.00003317f,Grizzl-E,6.1.2:7452:B29A,0,,1,40.0,0,2025-01-02 16:38:20,,,0,2023-11-11 15:44:27
128,7,57,B2-90,,129,Grizzl-E Smart,GRS-03.000033181,Grizzl-E,6.1.2:7452:B29A,0,,1,40.0,0,2025-01-02 16:38:19,,,0,2023-11-11 15:44:27
129,7,151,B3-42,,130,Grizzl-E Smart,GRS-03.000033170,Grizzl-E,6.1.2:7452:B29A,0,,1,40.0,0,2025-01-02 16:36:09,,,0,2023-11-11 15:44:27
130,7,60,B3-55,,131,Grizzl-E Smart,GRS-03.000033162,Grizzl-E,6.1.2:7452:B29A,0,,1,40.0,0,2025-01-02 16:36:03,,,0,2023-11-11 15:44:27
131,7,61,B3-25,,132,Grizzl-E Smart,GRS-03.000033161,Grizzl-E,6.1.2:7452:B29A,0,,1,40.0,0,2025-01-02 16:36:02,,,0,2023-11-11 15:44:27
132,7,61,B3-28,,133,Grizzl-E Smart,GRS-03.00003315b,Grizzl-E,6.1.2:7452:B29A,0,,1,40.0,0,2025-01-02 16:36:13,,,0,2023-11-11 15:44:27
133,7,152,B3-35,,134,Grizzl-E Smart,GRS-03.00003315d,Grizzl-E,6.1.2:7452:B29A,0,,1,40.0,0,2025-01-02 16:36:11,,,0,2023-11-11 15:44:27
134,7,63,B3-33,,135,Grizzl-E Smart,GRS-03.000033175,Grizzl-E,6.1.2:7452:B29A,0,,1,40.0,0,2025-01-02 16:36:04,,,0,2023-11-11 15:44:27
135,7,62,B3-17,,136,Grizzl-E Smart,GRS-03.0000331c5,Grizzl-E,6.1.2:7452:B29A,0,,1,40.0,0,2025-01-02 16:36:11,,,0,2023-11-11 15:44:27
136,7,150,B3-39,,137,Grizzl-E Smart,GRS-03.0000331c7,Grizzl-E,6.1.2:7452:B29A,0,,1,40.0,0,2025-01-02 16:36:03,,,0,2023-11-11 15:44:27
137,7,64,B3-1,,138,Grizzl-E Smart,GRS-03.0000331b7,Grizzl-E,6.1.2:7452:B29A,0,,1,40.0,0,2025-01-02 16:36:04,,,0,2023-11-11 15:44:27
138,7,64,B3-2,,139,Grizzl-E Smart,GRS-03.0000331b2,Grizzl-E,6.1.2:7452:B29A,0,,1,40.0,0,2025-01-02 16:36:03,,,0,2023-11-11 15:44:27
139,7,64,B3-4,,140,Grizzl-E Smart,GRS-03.00003316f,Grizzl-E,6.1.2:7452:B29A,0,,1,40.0,0,2025-01-02 16:36:08,,,0,2023-11-11 15:44:27
143,1,239,1130804099,JSXRISB44B,1,c8,1130804099,Variablegrid,V00.49.13,0,,1,40.0,0,2024-12-30 19:46:36,,,0,2023-11-11 15:44:27
144,1,183,1130804100,UIXCHSB44B,1,VarianR40,,,,0,,1,40.0,0,2025-01-02 16:37:08,,,0,2023-11-11 15:44:27
145,1,,1120217230,UVH3Z5B6YE,1,VarianR40,,,,0,,1,40.0,0,2024-11-26 09:49:31,,,0,2023-11-11 15:44:27
146,8,67,P1-23,,141,c8,P1-23,Variablegrid,V00.49.13,0,,1,40.0,0,2025-01-02 16:34:47,,,0,2023-11-11 15:44:27
147,8,67,P1-45,,142,c8,P1-45,Variablegrid,V00.49.13,0,,1,40.0,0,2025-01-02 16:34:55,,,0,2023-11-11 15:44:27
148,8,68,P1-3,,143,c8,P1-3,Variablegrid,V00.49.13,0,,1,40.0,0,2025-01-02 16:35:07,,,0,2023-11-11 15:44:27
149,8,68,P1-20,,144,c8,P1-20,Variablegrid,V00.49.13,0,,1,40.0,0,2025-01-02 16:34:57,,,0,2023-11-11 15:44:27
150,8,69,P1-70,,145,c8,P1-70,Variablegrid,V00.49.13,0,,1,40.0,0,2025-01-02 16:34:50,,,0,2023-11-11 15:44:27
151,8,70,P1-1,,146,c8,P1-1,Variablegrid,V00.50.03,0,,1,40.0,0,2025-01-02 16:35:00,,,0,2023-11-11 15:44:27
152,8,70,P1-2,,147,c8,P1-2,Variablegrid,V00.49.13,0,,1,40.0,0,2025-01-02 16:34:57,,,0,2023-11-11 15:44:27
153,8,70,P1-19,,148,c8,P1-19,Variablegrid,V00.49.13,0,,1,40.0,0,2025-01-02 16:34:56,,,0,2023-11-11 15:44:27
154,8,71,P1-37,,149,c8,P1-37,Variablegrid,V00.49.13,0,,1,40.0,0,2025-01-02 16:35:03,,,0,2023-11-11 15:44:27
155,8,72,P1-49,,150,c8,P1-49,Variablegrid,V00.49.13,0,,1,40.0,0,2025-01-02 16:34:47,,,0,2023-11-11 15:44:27
156,8,72,P1-67,,151,c8,P1-67,Variablegrid,V00.49.13,0,,1,40.0,0,2025-01-02 16:39:54,,,0,2023-11-11 15:44:27
157,8,73,P1-7,,152,c8,P1-7,Variablegrid,V00.49.13,0,,1,40.0,0,2025-01-02 16:40:02,,,0,2023-11-11 15:44:27
161,8,74,P1-65,,153,c8,P1-65,Variablegrid,V00.49.13,0,,1,40.0,0,2025-01-02 16:35:03,,,0,2023-11-11 15:44:27
162,8,75,P1-25,,154,c8,P1-25,Variablegrid,V00.49.13,0,,1,40.0,0,2025-01-02 16:34:57,,,0,2023-11-11 15:44:27
163,8,75,P1-43,,155,c8,P1-43,Variablegrid,V00.49.13,0,,1,40.0,0,2025-01-02 16:34:57,,,0,2023-11-11 15:44:27
164,8,76,P1-28,,156,c8,P1-28,Joint,V00.49.13,0,,1,40.0,0,2025-01-02 16:34:56,,,0,2023-11-11 15:44:27
165,8,76,P1-46,,157,c8,P1-46,Variablegrid,V00.49.13,0,,1,40.0,0,2025-01-02 16:34:52,,,0,2023-11-11 15:44:27
166,8,77,P1-62,,158,c8,P1-62,Variablegrid,V00.49.13,0,,1,40.0,0,2025-01-02 16:34:51,,,0,2023-11-11 15:44:27
167,8,78,P1-16,,159,c8,P1-16,Variablegrid,V00.49.13,0,,1,40.0,0,2025-01-02 16:35:14,,,0,2023-11-11 15:44:27
168,8,79,P1-27,,160,c8,P1-27,Variablegrid,V00.49.13,0,,1,40.0,0,2025-01-02 16:34:51,,,0,2023-11-11 15:44:27
170,1,168,11310070093,22J3Z5B6YE,1,c8,11310070093,Variablegrid,V00.50.02,0,,1,40.0,0,2025-01-02 16:36:43,,,0,2023-11-11 15:44:27
172,9,80,PC-1,,114,EVO32-320-002,1EO4-1-2232-00036,EVoCharge,V1.00.86EVO (BBOX: V,0,,1,40.0,0,2025-01-02 16:43:08,,,0,2023-11-11 15:44:27
173,9,81,PC-2,,165,EVO32-320-002,1EO4-1-2131-00171,EVoCharge,V1.00.72EVO (BBOX: V,0,,1,40.0,0,2025-01-02 16:41:44,,,0,2023-11-11 15:44:27
174,9,82,PE-2,,167,,,,,0,,1,40.0,0,2024-10-05 02:59:08,,,0,2023-11-11 15:44:27
175,9,83,PF-1,,168,EVO32-320-002,1EO4-1-2131-00068,EVoCharge,V1.00.72EVO (BBOX: V,0,,1,40.0,0,2025-01-02 16:35:34,,,0,2023-11-11 15:44:27
176,9,84,WB-1,,170,EVO32-320-002,1EO4-1-2232-00007,EVoCharge,V1.00.86EVO (BBOX: V,0,,1,40.0,0,2025-01-02 16:42:08,,,0,2023-11-11 15:44:27
177,9,85,WL-1,,173,EVO32-320-002,1EO4-1-2131-00076,EVoCharge,V1.00.72EVO (BBOX: V,0,,1,40.0,0,2025-01-02 16:39:25,,,0,2023-11-11 15:44:27
178,10,86,G-21,,163,Grizzl-E Smart,L(,Grizzl-E,6.1.4:GCW-10.17-05.7,0,,1,40.0,0,2025-01-02 16:40:03,,,0,2024-02-01 19:22:54
179,10,87,G-15,,162,Grizzl-E Smart,GRS-03.000038523,Grizzl-E,6.1.4:GCW-10.17-05.3,0,,1,40.0,0,2025-01-02 16:40:02,,,0,2024-02-01 19:22:54
180,10,88,G-24,,164,Grizzl-E Smart,GRS-03.0000345e6,Grizzl-E,6.1.4:GCW-10.17-05.3,0,,1,40.0,0,2025-01-02 16:40:03,,,0,2024-02-01 19:22:54
181,10,89,G-09,,161,Grizzl-E Smart,GRS-07.000036876,Grizzl-E,6.1.4:GCW-10.17-05.7,0,,1,40.0,0,2025-01-02 16:43:39,,,0,2024-02-01 19:22:54
188,10,91,G-33,,174,Grizzl-E Smart,GRS-03.000034646,Grizzl-E,6.1.4:GCW-10.17-05.3,0,,1,40.0,0,2024-12-20 15:35:06,,,0,2024-02-01 19:22:54
189,11,145,B4-B1,,175,Grizzl-E Smart,GRS-000000030443,Grizzl-E,6.2.3:GCW-10.17-05.7,0,,1,40.0,0,2025-01-02 16:41:06,,,0,2024-02-03 16:19:11
193,6,46,1120217230,,227,,,,,0,,1,40.0,0,2024-09-17 15:37:59,P1-101,0,0,2023-11-11 15:44:27
196,15,93,PT11,,177,,11310070097,,,0,,1,40.0,0,2024-10-28 18:20:17,,,0,2024-02-21 17:18:34
197,15,93,PT12,,178,,11310070091,,,0,,1,40.0,0,2024-10-28 18:20:17,,,0,2024-02-21 17:21:20
198,15,94,PT1,,179,c8,PT1,Variablegrid,V00.49.13,0,,1,40.0,0,2025-01-02 16:41:13,,,0,2024-02-21 17:21:20
199,15,94,PT3,,180,c8,PT3,Variablegrid,V00.50.02,0,,1,40.0,0,2025-01-02 16:41:11,,,0,2024-02-21 17:21:20
200,15,94,PT4,,181,c8,PT4,Variablegrid,V00.50.02,0,,1,40.0,0,2025-01-02 16:41:12,,,0,2024-02-21 17:21:20
201,15,95,PT2,,182,c8,PT2,Variablegrid,V00.49.13,0,,1,40.0,0,2025-01-02 16:41:20,,,0,2024-02-21 17:21:20
202,15,96,PT8,,183,,11310070095,,,0,,1,40.0,0,2024-10-28 18:20:17,,,0,2024-02-21 17:21:20
203,15,97,PT9,,184,,11310070094,,,0,,1,40.0,0,2024-10-28 18:20:17,,,0,2024-02-21 17:21:20
204,15,97,PT10,,185,c8,PT10,Variablegrid,V00.50.02,0,,1,40.0,0,2025-01-02 16:41:24,,,0,2024-02-21 17:21:20
209,11,146,B3-01,,186,Grizzl-E Smart,GRS-000000030446,Grizzl-E,6.1.4:GCW-10.17-05.7,0,,1,40.0,0,2025-01-02 16:41:04,,,0,2024-02-03 16:19:11
210,11,146,B3-02,,187,Grizzl-E Smart,GRS-00000003043e,Grizzl-E,6.1.4:GCW-10.17-05.7,0,,1,40.0,0,2025-01-02 16:39:29,,,0,2024-02-03 16:19:11
211,11,144,B4-01,,188,Grizzl-E Smart,GRS-00000003043d,Grizzl-E,6.1.4:GCW-10.17-05.7,0,,1,40.0,0,2025-01-02 16:41:05,,,0,2024-02-03 16:19:11
212,11,144,B4-02,,189,Grizzl-E Smart,GRS-00000003044a,Grizzl-E,6.1.4:GCW-10.17-05.7,0,,1,40.0,0,2025-01-02 16:36:53,,,0,2024-02-03 16:19:11
213,11,144,B4-03,,190,Grizzl-E Smart,GRS-000000030447,Grizzl-E,6.1.4:GCW-10.17-05.7,0,,1,40.0,0,2025-01-02 16:41:05,,,0,2024-02-03 16:19:11
214,11,144,B4-04,,191,Grizzl-E Smart,GRS-000000030442,Grizzl-E,6.1.4:GCW-10.17-05.7,0,,1,40.0,0,2025-01-02 16:41:05,,,0,2024-02-03 16:19:11
218,11,,C11-2,,195,,,,,0,,1,40.0,0,,,,0,2024-02-03 16:19:11
219,11,,C11-4,,196,,,,,0,,1,40.0,0,,,,0,2024-02-03 16:19:11
220,17,102,P50-38,,197,c8,P50-38,Variablegrid,V00.50.02,0,,1,40.0,0,2025-01-02 16:36:47,,,0,2024-03-06 21:07:46
221,17,99,P50-33,,198,c8,P50-33,Variablegrid,V00.50.02,0,,1,40.0,0,2025-01-02 16:37:02,,,0,2024-03-06 21:07:46
222,17,101,P50-43,,199,c8,P50-43,Variablegrid,V00.50.02,0,,1,40.0,0,2025-01-02 16:36:56,,,0,2024-03-06 21:07:46
223,17,102,P50-36,,200,c8,P50-36,Variablegrid,V00.49.13,0,,1,40.0,0,2025-01-02 16:37:02,,,0,2024-03-06 21:07:46
224,17,98,P50-13,,201,c8,P50-13,Variablegrid,V00.49.13,0,,1,40.0,0,2025-01-02 16:37:01,,,0,2024-03-06 21:07:46
225,17,100,P50-17,,202,c8,P50-17,Variablegrid,V00.50.02,0,,1,40.0,0,2025-01-02 16:36:48,,,0,2024-03-06 21:07:46
226,17,98,P50-50,,203,c8,P50-50,Variablegrid,V00.49.13,0,,1,40.0,0,2025-01-02 16:37:00,,,0,2024-03-06 21:07:46
227,17,101,P50-42,,204,c8,P50-42,Variablegrid,V00.49.13,0,,1,40.0,0,2025-01-02 16:36:50,,,0,2024-03-06 21:07:46
228,1,171,1130804074,X42YBSB44B,1,VarianR40,,,,0,,1,40.0,0,2025-01-02 16:34:51,,,0,2024-03-06 22:45:56
230,17,104,P46-30,,206,c8,P46-30,Variablegrid,V00.49.13,0,,1,40.0,0,2025-01-02 16:35:15,,,0,2024-03-06 21:07:46
231,17,103,P46-14,,207,c8,P46-14,Variablegrid,V00.50.02,0,,1,40.0,0,2025-01-02 16:35:13,,,0,2024-03-06 21:07:46
232,17,104,P46-10,,208,c8,P46-10,Variablegrid,V00.49.13,0,,1,40.0,0,2025-01-02 16:35:29,,,0,2024-03-06 21:07:46
233,17,105,P46-1,,209,c8,P46-1,Variablegrid,V00.50.02,0,,1,40.0,0,2025-01-02 16:35:12,,,0,2024-03-06 21:07:46
234,17,104,P46-29,,210,c8,P46-29,Variablegrid,V00.50.02,0,,1,40.0,0,2025-01-02 16:35:25,,,0,2024-03-06 21:07:46
235,17,106,P36-2,,211,R40,,,,0,,1,40.0,0,2024-12-03 19:23:59,,,0,2024-03-06 21:07:46
236,17,108,P38-1,,212,c8,P38-1,Variablegrid,V00.50.02,0,,1,40.0,0,2025-01-02 16:35:10,,,0,2024-03-11 15:45:37
237,17,107,P38-32,,213,c8,P38-32,Variablegrid,V00.50.02,0,,1,40.0,0,2025-01-02 16:35:19,,,0,2024-03-11 15:45:37
238,17,108,P38-18,,214,c8,P38-18,Variablegrid,V00.50.02,0,,1,40.0,0,2025-01-02 16:35:22,,,0,2024-03-11 15:45:37
239,17,105,P46-27,,215,c8,P46-27,Variablegrid,V00.49.13,0,,1,40.0,0,2025-01-02 16:35:37,,,0,2024-03-06 21:07:46
241,17,111,P42-27,,216,R40,,,,0,,1,40.0,0,2024-12-03 19:25:24,,,0,2024-03-12 17:41:54
242,17,113,P42-36,,217,R40,,,,0,,1,40.0,0,2024-12-03 19:25:27,,,0,2024-03-12 17:41:54
243,17,109,P42-14,,218,R40,,,,0,,1,40.0,0,2024-12-03 19:25:35,,,0,2024-03-12 17:41:54
244,17,113,P42-40,,219,R40,,,,0,,1,40.0,0,2024-12-03 19:25:25,,,0,2024-03-12 17:41:54
245,17,112,P42-31,,220,R40,,,,0,,1,40.0,0,2024-12-03 19:33:28,,,0,2024-03-12 17:41:54
246,17,113,P42-37,,221,R40,,,,0,,1,40.0,0,2024-12-03 19:25:30,,,0,2024-03-12 17:41:54
247,17,109,P42-1,,222,R40,,,,0,,1,40.0,0,2024-12-03 19:25:18,,,0,2024-03-12 17:41:54
248,17,110,P42-49,,223,R40,,,,0,,1,40.0,0,2024-12-03 19:25:34,,,0,2024-03-12 17:41:54
249,16,114,U-1,,224,EVO32-320-002,1EO4-1-2232-00043,EVoCharge,V1.00.86EVO (BBOX: V,0,,1,40.0,0,2025-01-02 16:37:37,,,0,2024-03-12 17:41:54
250,16,115,U-2,,225,EVO32-320-002,1EO4-1-2232-00060,EVoCharge,V1.00.86EVO (BBOX: V,0,,1,40.0,0,2025-01-02 16:37:38,,,0,2024-03-12 17:41:54
251,16,116,U-3,,226,EVO32-320-002,1EO4-1-2232-00009,EVoCharge,V1.00.86EVO (BBOX: V,0,,1,40.0,0,2025-01-02 16:37:38,,,0,2024-03-12 17:41:54
255,6,46,31303010002,,112,,,,,0,,1,40.0,0,2024-12-16 14:00:09,,0,0,2024-03-26 16:27:06
256,1,166,1130804037,IFL5GSB44B,1,,,,,0,,1,40.0,0,2025-01-02 16:35:03,,,0,2024-03-29 21:07:58
257,6,118,IOCtest-02,,228,,,,,0,,1,40.0,0,,,0,0,2024-04-19 13:59:59
258,1,166,3100112404070001,IFL5GSB44B,1,,,,,0,,1,40.0,0,,,,0,2024-04-19 17:47:49
260,6,118,IOCtest-01,,230,,,,,0,,1,40.0,0,,,0,0,2024-04-19 13:59:59
261,6,,,,,,,,,0,,1,48.0,0,2024-11-20 21:21:33,,0,0,2024-03-26 16:27:06
263,6,118,ocpp,,232,,,,,0,,1,40.0,0,2024-09-10 17:25:45,,0,0,2024-04-19 13:59:59
264,1,167,11310070054,VSTWISB44B,1,c8,11310070054,Variablegrid,V00.50.02,0,,1,40.0,0,2025-01-02 16:38:36,,,0,2024-03-29 21:07:58
267,1,165,07230241,BJYWISB44B,1,VarianRS40,,,,0,,1,40.0,0,2024-12-31 12:42:20,,,0,2024-05-02 14:21:36
268,1,,Test,,1,VarianRS40,,,,0,,1,40.0,0,2024-10-05 14:31:39,,,0,2023-11-11 15:44:27
269,18,125,P1-11,,239,c8,P1-11,Variablegrid,V00.49.13,0,,1,40.0,0,2025-01-02 16:40:57,,,0,2024-05-07 22:07:32
271,18,125,P1-12,,240,c8,P1-12,Variablegrid,V00.49.13,0,,1,40.0,0,2025-01-02 16:42:17,,,0,2024-05-07 22:07:32
272,18,125,P1-14,,241,c8,P1-14,Variablegrid,V00.49.13,0,,1,40.0,0,2025-01-02 16:42:18,,,0,2024-05-07 22:07:32
273,18,125,P1-15,,242,c8,P1-15,Variablegrid,V00.49.13,0,,1,40.0,0,2025-01-02 16:42:19,,,0,2024-05-07 22:07:32
274,18,124,P1-17,,243,c8,P1-17,Variablegrid,V00.50.02,0,,1,40.0,0,2025-01-02 16:42:10,,,0,2024-05-07 22:07:32
275,18,124,P1-18,,244,c8,P1-18,Variablegrid,V00.49.13,0,,1,40.0,0,2025-01-02 16:42:22,,,0,2024-05-07 22:07:32
276,18,123,P1-21,,245,c8,P1-21,Variablegrid,V00.49.13,0,,1,40.0,0,2025-01-02 16:42:14,,,0,2024-05-07 22:07:32
277,18,123,P1-23,,246,c8,P1-23,Variablegrid,V00.50.02,0,,1,40.0,0,2025-01-02 16:42:11,,,0,2024-05-07 22:07:32
278,18,122,P1-24,,247,c8,P1-24,Variablegrid,V00.50.02,0,,1,40.0,0,2025-01-02 16:38:56,,,0,2024-05-07 22:07:32
279,18,122,P1-26,,248,c8,P1-26,Variablegrid,V00.49.13,0,,1,40.0,0,2025-01-02 16:42:20,,,0,2024-05-07 22:07:32
280,18,122,P1-27,,249,c8,P1-27,Variablegrid,V00.49.13,0,,1,40.0,0,2025-01-02 16:43:08,,,0,2024-05-07 22:07:32
281,18,121,P1-28,,250,c8,P1-28,Variablegrid,V00.49.13,0,,1,40.0,0,2025-01-02 16:42:27,,,0,2024-05-07 22:07:32
282,18,120,P1-35,,251,c8,P1-35,Variablegrid,V00.49.13,0,,1,40.0,0,2025-01-02 16:42:38,,,0,2024-05-07 22:07:32
283,18,120,P1-36,,252,c8,P1-36,Variablegrid,V00.49.13,0,,1,40.0,0,2025-01-02 16:42:31,,,0,2024-05-07 22:07:32
284,18,126,P1-40,,253,c8,P1-40,Variablegrid,V00.49.13,0,,1,40.0,0,2025-01-02 16:42:44,,,0,2024-05-07 22:07:32
285,18,130,P2-63,,254,c8,P2-63,Variablegrid,V00.49.13,0,,1,40.0,0,2025-01-02 16:42:39,,,0,2024-05-07 22:07:32
286,18,130,P2-64,,255,c8,P2-64,Variablegrid,V00.50.02,0,,1,40.0,0,2025-01-02 16:43:50,,,0,2024-05-07 22:07:32
287,18,129,P2-67,,256,c8,P2-67,Variablegrid,V00.49.13,0,,1,40.0,0,2025-01-02 16:42:26,,,0,2024-05-07 22:07:32
288,18,129,P2-69,,257,c8,P2-69,Variablegrid,V00.49.13,0,,1,40.0,0,2025-01-02 16:42:28,,,0,2024-05-07 22:07:32
289,18,128,P2-70,,258,c8,P2-70,Variablegrid,V00.50.02,0,,1,40.0,0,2025-01-02 16:42:14,,,0,2024-05-07 22:07:32
290,18,127,P2-78,,259,c8,P2-78,Variablegrid,V00.49.13,0,,1,40.0,0,2025-01-02 16:42:23,,,0,2024-05-07 22:07:32
291,18,131,P2-85,,260,c8,P2-85,Variablegrid,V00.49.13,0,,1,40.0,0,2025-01-02 16:42:13,,,0,2024-05-07 22:07:32
292,18,131,P2-87,,261,c8,P2-87,Variablegrid,V00.49.13,0,,1,40.0,0,2025-01-02 16:42:16,,,0,2024-05-07 22:07:32
293,18,133,P1-6,,262,c8,P1-6,Variablegrid,V00.49.13,0,,1,40.0,0,2025-01-02 16:42:16,,,0,2024-05-07 22:07:32
294,18,133,P1-8,,263,c8,P1-8,Variablegrid,V00.49.13,0,,1,40.0,0,2025-01-02 16:42:38,,,0,2024-05-07 22:07:32
295,18,132,P1-10,,264,c8,P1-10,Variablegrid,V00.49.13,0,,1,40.0,0,2025-01-02 16:42:16,,,0,2024-05-07 22:07:32
296,18,134,P1-43,,265,c8,P1-43,Variablegrid,V00.49.13,0,,1,40.0,0,2025-01-02 16:42:24,,,0,2024-05-07 22:07:32
297,18,135,P2-45,,266,c8,P2-45,Variablegrid,V00.50.02,0,,1,40.0,0,2025-01-02 16:42:17,,,0,2024-05-07 22:07:32
298,18,136,P2-49,,267,c8,P2-49,Variablegrid,V00.50.02,0,,1,40.0,0,2025-01-02 16:42:07,,,0,2024-05-07 22:07:32
299,18,136,P2-50,,268,c8,P2-50,Variablegrid,V00.50.02,0,,1,40.0,0,2025-01-02 16:42:24,,,0,2024-05-07 22:07:32
300,18,138,P2-53,,269,c8,P2-53,Variablegrid,V00.50.02,0,,1,40.0,0,2025-01-02 16:42:34,,,0,2024-05-07 22:07:32
301,18,139,P2-58,,270,,,,,0,,1,40.0,0,,,,0,2024-05-07 22:07:32
302,18,141,P2-61,,271,c8,P2-61,Variablegrid,V00.50.02,0,,1,40.0,0,2025-01-02 16:42:13,,,0,2024-05-07 22:07:32
303,18,141,P2-90,,272,c8,P2-90,Variablegrid,V00.50.02,0,,1,40.0,0,2025-01-02 16:42:28,,,0,2024-05-07 22:07:32
304,18,140,P2-93,,273,c8,P2-93,Variablegrid,V00.50.02,0,,1,40.0,0,2025-01-02 16:42:27,,,0,2024-05-07 22:07:32
305,17,106,P36-5,,278,R40,,,,0,,1,40.0,0,2024-08-06 15:53:23,,0,0,2024-05-10 00:11:06
306,17,106,P36-7,,279,R40,,,,0,,1,40.0,0,2024-08-06 15:49:30,,0,0,2024-05-10 00:11:25
307,17,143,P36-10,,276,R40,,,,0,,1,40.0,0,2024-12-03 19:33:15,,0,0,2024-05-10 00:11:50
308,17,143,P36-13,,277,R40,,,,0,,1,40.0,0,2024-12-03 19:32:46,,0,0,2024-05-10 00:12:03
309,17,107,P38-31,,277,R40,,,,0,,1,40.0,0,2024-08-06 17:37:58,,0,0,2024-05-10 00:13:07
310,17,107,P38-33,,276,R40,,,,0,,1,40.0,0,2024-08-06 17:37:54,,0,0,2024-05-10 00:13:28
311,11,145,B4-B2,,283,Grizzl-E Smart,L(,Grizzl-E,6.1.4:GCW-10.17-05.3,0,,1,40.0,0,2025-01-02 16:41:05,,,0,2024-02-03 16:19:11
312,11,146,B3-03,,282,Grizzl-E Smart,GRS-00000003043f,Grizzl-E,6.1.4:GCW-10.17-05.7,0,,1,40.0,0,2025-01-02 16:41:14,,,0,2024-02-03 16:19:11
313,1,169,11310070067,OB75GSB44B,1,VarianR40,,,,0,,1,40.0,0,2024-07-07 06:24:50,,,0,2023-11-11 15:44:27
314,26,148,Dummy,,231,,,,,0,,1,40.0,0,2024-06-10 16:11:45,,0,0,2024-03-26 16:27:06
315,7,65,B3-49,,284,c8,B3-49,Variablegrid,V00.49.13,0,,1,40.0,0,2025-01-02 16:36:31,,0,0,2024-06-24 16:32:16
316,34,153,P1-48,,294,c8,P1-48,Variablegrid,V00.50.02,0,,1,40.0,0,2025-01-02 16:43:03,,0,0,2024-06-24 20:42:57
317,34,154,P1-52,,292,,,,,0,,1,40.0,0,2025-01-02 16:43:15,,0,0,2024-06-24 20:43:16
318,34,155,P1-39,,289,,,,,0,,1,40.0,0,2025-01-02 16:43:15,,0,0,2024-06-24 20:43:30
319,34,158,P1-5,,290,,,,,0,,1,40.0,0,2025-01-02 16:43:06,,0,0,2024-06-24 20:43:42
320,34,153,P1-50,,286,,,,,0,,1,40.0,0,2025-01-02 16:43:16,,0,0,2024-06-24 20:43:54
321,34,157,P1-19,,293,,,,,0,,1,40.0,0,2025-01-02 16:43:12,,0,0,2024-06-24 20:44:07
322,34,157,P1-18,,295,,,,,0,,1,40.0,0,2025-01-02 16:43:11,,0,0,2024-06-24 20:44:25
323,34,155,P1-41,,287,c8,P1-41,Variablegrid,V00.50.02,0,,1,40.0,0,2025-01-02 16:43:11,,0,0,2024-06-24 20:44:39
324,34,159,P1-83,,288,,,,,0,,1,40.0,0,2025-01-02 16:43:01,,0,0,2024-06-24 20:44:51
325,34,160,P1-9,,296,,,,,0,,1,40.0,0,2025-01-02 16:43:00,,0,0,2024-06-24 20:45:08
326,34,156,P1-31,,291,,,,,0,,1,40.0,0,2025-01-02 16:43:05,,0,0,2024-06-24 20:45:19
327,34,161,P1-46,,285,,,,,0,,1,40.0,0,2025-01-02 16:43:03,,0,0,2024-06-24 20:47:02
328,34,162,P1-65,,297,,,,,0,,1,40.0,0,2025-01-02 16:43:09,,0,0,2024-06-24 21:45:54
329,1,172,1130804090,NYCAHSB44B,1,VarianR40,,,,0,,1,40.0,0,2025-01-02 16:36:17,,,0,2023-11-11 15:44:27
330,1,173,1130804084,NW77GSB44B,1,c8,1130804084,Variablegrid,V00.49.13,0,,1,40.0,0,2025-01-02 16:35:51,,,0,2023-11-11 15:44:27
332,33,175,2223,,302,,,,,0,,1,40.0,0,2024-08-20 23:23:32,,0,0,2024-07-26 15:40:24
334,6,46,Jointtest,,238,,,,,0,,1,40.0,0,2024-07-29 14:06:28,,0,0,2024-03-26 16:27:06
335,33,177,2224,,301,,,,,0,,1,40.0,0,2024-08-29 16:29:54,,0,0,2024-07-29 23:31:48
336,33,149,AL0038B1GNBC001050,,300,,,,,0,,2,80.0,0,2024-08-02 18:12:58,,0,0,2024-08-01 19:06:46
337,1,199,07230363,UKL3Z5B6YE,1,VarianRS40,,,,0,,1,40.0,0,2025-01-02 16:41:09,,,0,2024-09-03 22:58:00
338,15,96,PT5,,305,c8,PT5,Joint,V00.49.13,0,,1,40.0,0,2025-01-02 16:41:21,,0,0,2024-09-09 19:15:11
339,15,97,PT7,,307,,,,,0,,1,40.0,0,2024-10-28 18:20:17,,0,0,2024-09-09 21:11:36
340,6,46,EVO-1,,323,EVO-1,,,,0,,1,40.0,0,2024-11-29 18:17:29,,,0,2024-09-10 14:33:32
341,38,411,P84,,308,VarianRS40,P84,Variablegrid,N2P3_C_1.3.0_R6434,0,,1,40.0,0,2025-01-02 16:35:38,,0,0,2024-09-12 20:37:35
342,38,406,P29,,319,VarianRS40,P29,Variablegrid,N2P3_C_1.3.0_R6434,0,,1,40.0,0,2025-01-02 16:36:40,,0,0,2024-09-12 20:39:23
343,38,408,P66,,309,VarianRS40,P66,Variablegrid,N2P3_C_1.3.0_R6434,0,,1,40.0,0,2025-01-02 16:35:58,,0,0,2024-09-12 20:39:31
344,38,403,P2,,311,VarianRS40,P2,Variablegrid,N2P3_C_1.3.0_R6434,0,,1,40.0,0,2025-01-02 16:37:04,,0,0,2024-09-12 20:39:43
345,38,408,P67,,312,VarianRS40,P67,Variablegrid,N2P3_C_1.3.0_R6434,0,,1,40.0,0,2025-01-02 16:42:49,,0,0,2024-09-12 20:39:51
346,38,405,P46,,310,VarianRS40,P46,Variablegrid,N2P3_C_1.3.0_R6434,0,,1,40.0,0,2025-01-02 16:38:24,,0,0,2024-09-12 20:40:01
347,38,409,P79,,314,VarianRS40,P79,Variablegrid,N2P3_C_1.3.0_R6434,0,,1,40.0,0,2025-01-02 16:42:58,,0,0,2024-09-12 20:40:11
348,38,407,P61,,315,VarianRS40,P61,Variablegrid,N2P3_C_1.3.0_R6434,0,,1,40.0,0,2025-01-02 16:34:51,,0,0,2024-09-12 20:40:26
349,38,410,P80,,313,VarianRS40,P80,Variablegrid,N2P3_C_1.3.0_R6434,0,,1,40.0,0,2025-01-02 16:35:45,,0,0,2024-09-12 20:40:35
350,38,404,P9,,316,VarianRS40,P9,Variablegrid,N2P3_C_1.3.0_R6434,0,,1,40.0,0,2025-01-02 16:36:53,,0,0,2024-09-12 20:40:51
351,38,411,P85,,317,VarianRS40,P85,Variablegrid,N2P3_C_1.3.0_R6434,0,,1,40.0,0,2025-01-02 16:35:08,,0,0,2024-09-12 20:40:59
352,1,205,07230146,242YBSB44B,1,VarianRS40,07230146,Variablegrid,N2P3_C_1.3.0_R6434,0,,1,40.0,0,2025-01-02 16:44:08,,,0,2024-09-17 14:46:02
353,6,,GRU-10000299278,,321,GrizzlE,,,,0,,1,80.0,0,2024-09-24 20:54:56,,,0,2024-09-20 18:06:09
355,39,415,07230066,,322,VarianRS40,07230066,Variablegrid,N2P3_C_1.3.0_R5568,0,,1,40.0,0,2024-12-13 18:44:43,,,0,2024-10-07 18:29:04
388,18,121,P1-30,,324,,,,,0,,1,40.0,0,,,0,0,2024-10-28 21:30:21
389,18,,P1-37,,340,,,,,0,,1,40.0,0,,,0,0,2024-10-28 22:03:55
390,18,,P1-29,,342,,,,,0,,1,40.0,0,,,0,0,2024-10-28 22:04:44
392,18,,P1-31,,346,,,,,0,,1,40.0,0,,,0,0,2024-10-28 22:05:10
393,18,,P1-20,,348,,,,,0,,1,40.0,0,,,0,0,2024-10-28 22:05:28
394,18,,P1-22,,325,,,,,0,,1,40.0,0,,,0,0,2024-10-28 22:05:37
395,18,,P2-79,,327,,,,,0,,1,40.0,0,,,0,0,2024-10-28 22:05:58
396,18,,P2-80,,329,,,,,0,,1,40.0,0,,,0,0,2024-10-28 22:06:07
397,18,,P2-81,,331,,,,,0,,1,40.0,0,,,0,0,2024-10-28 22:06:17
398,18,,P2-71,,333,,,,,0,,1,40.0,0,,,0,0,2024-10-28 22:06:36
399,18,,P2-72,,335,,,,,0,,1,40.0,0,,,0,0,2024-10-28 22:06:44
400,18,,P2-73,,338,,,,,0,,1,40.0,0,,,0,0,2024-10-28 22:06:54
401,18,,P2-62,,355,,,,,0,,1,40.0,0,,,0,0,2024-10-28 22:07:04
402,18,,P2-65,,353,,,,,0,,1,40.0,0,,,0,0,2024-10-28 22:07:16
403,18,,P2-82,,351,,,,,0,,1,40.0,0,,,0,0,2024-10-28 22:07:25
404,18,,P2-83,,341,,,,,0,,1,40.0,0,,,0,0,2024-10-28 22:07:35
405,18,,P2-84,,345,,,,,0,,1,40.0,0,,,0,0,2024-10-28 22:07:41
406,18,,P1-32,,337,,,,,0,,1,40.0,0,,,0,0,2024-10-28 22:07:54
407,18,,P1-33,,328,,,,,0,,1,40.0,0,,,0,0,2024-10-28 22:08:01
408,18,,P1-34,,332,,,,,0,,1,40.0,0,,,0,0,2024-10-28 22:08:09
409,18,,P1-25,,336,,,,,0,,1,40.0,0,,,0,0,2024-10-28 22:08:19
410,18,,P1-16,,354,,,,,0,,1,40.0,0,,,0,0,2024-10-28 22:08:27
411,18,,P1-19,,350,,,,,0,,1,40.0,0,,,0,0,2024-10-28 22:08:39
412,18,,P1-38,,369,,,,,0,,1,40.0,0,,,0,0,2024-10-28 22:08:51
413,18,,P1-39,,367,,,,,0,,1,40.0,0,,,0,0,2024-10-28 22:09:00
414,18,,P2-74,,364,,,,,0,,1,40.0,0,,,0,0,2024-10-28 22:09:08
415,18,,P2-76,,363,,,,,0,,1,40.0,0,,,0,0,2024-10-28 22:09:20
416,18,,P2-77,,360,,,,,0,,1,40.0,0,,,0,0,2024-10-28 22:09:28
417,18,,P2-66,,358,,,,,0,,1,40.0,0,,,0,0,2024-10-28 22:09:37
418,18,,P2-68,,356,,,,,0,,1,40.0,0,,,0,0,2024-10-28 22:09:46
419,18,,P2-86,,384,,,,,0,,1,40.0,0,,,0,0,2024-10-28 22:09:54
420,18,,P1-9,,382,,,,,0,,1,40.0,0,,,0,0,2024-10-28 22:12:57
421,18,,P1-13,,380,,,,,0,,1,40.0,0,,,0,0,2024-10-28 22:13:06
422,18,,P1-1,,378,,,,,0,,1,40.0,0,,,0,0,2024-10-28 22:13:14
423,18,,P1-2,,376,,,,,0,,1,40.0,0,,,0,0,2024-10-28 22:13:21
424,18,,P1-3,,374,,,,,0,,1,40.0,0,,,0,0,2024-10-28 22:13:28
425,18,,P1-4,,372,,,,,0,,1,40.0,0,,,0,0,2024-10-28 22:13:35
426,18,,P2-46,,385,,,,,0,,1,40.0,0,,,0,0,2024-10-28 22:13:44
427,18,,P2-47,,343,,,,,0,,1,40.0,0,,,0,0,2024-10-28 22:13:50
428,18,,P2-48,,326,,,,,0,,1,40.0,0,,,0,0,2024-10-28 22:13:59
429,18,,P2-54,,334,,,,,0,,1,40.0,0,,,0,0,2024-10-28 22:14:09
430,18,,P2-55,,352,,,,,0,,1,40.0,0,,,0,0,2024-10-28 22:14:17
431,18,,P2-56,,368,,,,,0,,1,40.0,0,,,0,0,2024-10-28 22:14:23
432,18,,P2-91,,365,,,,,0,,1,40.0,0,,,0,0,2024-10-28 22:14:33
433,18,,P2-92,,359,,,,,0,,1,40.0,0,,,0,0,2024-10-28 22:14:41
434,18,,P2-94,,361,,,,,0,,1,40.0,0,,,0,0,2024-10-28 22:14:54
435,18,,P1-5,,381,,,,,0,,1,40.0,0,,,0,0,2024-10-28 22:15:03
436,18,,P1-7,,377,,,,,0,,1,40.0,0,,,0,0,2024-10-28 22:15:10
437,18,,P1-41,,373,,,,,0,,1,40.0,0,,,0,0,2024-10-28 22:15:18
438,18,,P1-42,,347,,,,,0,,1,40.0,0,,,0,0,2024-10-28 22:15:25
439,18,,P1-44,,339,,,,,0,,1,40.0,0,,,0,0,2024-10-28 22:15:33
440,18,,P2-51,,366,,,,,0,,1,40.0,0,,,0,0,2024-10-28 22:15:41
441,18,,P2-52,,357,,,,,0,,1,40.0,0,,,0,0,2024-10-28 22:15:47
442,18,,P2-57,,379,,,,,0,,1,40.0,0,,,0,0,2024-10-28 22:15:54
443,18,,P2-59,,371,,,,,0,,1,40.0,0,,,0,0,2024-10-28 22:16:03
444,18,,P2-60,,330,,,,,0,,1,40.0,0,,,0,0,2024-10-28 22:16:11
445,18,,P2-88,,362,,,,,0,,1,40.0,0,,,0,0,2024-10-28 22:16:19
446,18,,P2-89,,375,,,,,0,,1,40.0,0,,,0,0,2024-10-28 22:16:33
449,6,46,U1W124G170001,,386,,,,,0,,1,40.0,0,2024-11-20 18:09:51,,0,0,2024-11-05 18:32:48
451,11,145,B4-B3,,387,Grizzl-E Smart,GRS-000000030449,Grizzl-E,6.1.4:GCW-10.17-05.7,0,,1,40.0,0,2025-01-02 16:41:05,,0,0,2024-11-06 14:53:02
455,1,431,11310070068,,,,,,,0,,1,40.0,0,2025-01-02 16:37:23,,0,0,2024-11-13 22:06:21
459,1,,EVC27_NEW,,390,,,,,0,,1,48.0,0,2024-11-25 23:17:21,,0,0,2024-11-20 22:18:16
460,1,435,07230243,,1,,,,,0,,1,40.0,0,2024-12-19 16:25:02,,0,0,2024-11-21 20:56:45
463,42,,P1,,391,,,,,0,,1,40.0,0,,,0,0,2024-11-27 16:19:01
464,43,441,P5,,394,VarianRS40,P5,Variablegrid,N2P3_C_1.3.0_R6434,0,,1,40.0,0,2025-01-02 16:40:53,,0,0,2024-11-27 21:17:55
465,43,440,P6,,393,VarianRS40,P6,Variablegrid,N2P3_C_1.3.0_R6434,0,,1,40.0,0,2025-01-02 16:40:53,,0,0,2024-11-27 21:18:03
466,43,439,P7,,392,VarianRS40,P7,Variablegrid,N2P3_C_1.3.0_R6434,0,,1,40.0,0,2025-01-02 16:40:53,,0,0,2024-11-27 21:18:10
467,6,46,EVC27,,395,EVC27-NA,EVC27,Joint,N2P3_C_1.3.0_R6434,0,,1,40.0,0,2024-12-30 18:06:32,,0,0,2024-11-29 15:15:35
468,6,414,EVC27,,389,EVC27-NA,EVC27,Joint,N2P3_C_1.3.0_R6434,0,,1,40.0,0,2025-01-02 16:35:41,,0,0,2024-11-29 18:46:31
469,6,414,PH-1,,320,VarianRS40,PH-1,Variablegrid,N2P3_C_1.3.0_R5568,0,,1,40.0,0,2025-01-02 16:38:57,,0,0,2024-12-02 16:31:50
470,1,437,07230284,5O7TX5SRED,1,,,,,0,,1,40.0,0,,,0,0,2024-12-09 20:21:14
473,44,443,EVcharger1,,398,VarianRS40,EVcharger1,Variablegrid,N2P3_C_1.3.0_R5568,0,,1,40.0,0,2025-01-02 16:38:06,,0,0,2024-12-11 23:38:15
474,44,442,EVcharger2,,399,VarianRS40,EVcharger2,Variablegrid,N2P3_C_1.3.0_R5568,0,,1,40.0,0,2025-01-02 16:38:06,,0,0,2024-12-11 23:38:28
475,1,239,07230166,,400,,,,,0,,1,40.0,0,,,0,0,2024-12-20 22:12:00
476,8,71,P1-54,,401,c8,P1-54,Variablegrid,V00.50.02,0,,1,32.0,0,2025-01-02 16:35:04,,0,0,2024-12-23 19:33:19
477,9,445,PH-1,,402,,,,,0,,1,40.0,0,,,0,0,2024-12-28 17:40:06
478,6,414,07230284,,306,EVC27-NA,07230284,Joint,N2P3_C_1.3.0_R6434,0,,1,40.0,0,2025-01-02 16:41:47,,0,0,2024-12-02 16:31:50
