uid,note,controller_id,build_tunnel,mac_address,ip_tunnel,ip_support,pcb_version,pcb_dipswitch_value,jacks_state,sensors_fault,phases_detected,frequency_detected,firmware_version,ip_public,ip_dhcp,datetime_reboot,datetime_online,datetime_tunnel,datetime_vglms_start,datetime_button_user,datetime_button_user_long,datetime_reset,datetime_reset_long,datetime_created,tunnel_ping_time,oem,calibration_version
22J3Z5B6YE,Reliable 20240820,54,1,98f07b9da75a,10.241.64.78,172.17.2.190,5,2,3,0,,,11226,154.20.40.24,10.10.10.138,2024-12-15 06:56:46,,,2024-12-31 17:34:45,2024-12-13 13:14:59,2024-09-08 03:47:58,2024-08-22 14:47:33,,2024-07-12 13:16:16,67,,1
242YBSB44B,Reliable 20240820,77,0,3ce0641c6b9a,10.241.64.38,172.17.2.126,5,2,3,0,,,11226,205.250.228.207,192.168.1.69,2024-12-28 16:11:10,,,2024-12-31 18:27:15,2024-09-26 13:20:02,2024-11-03 18:30:08,2024-08-20 17:09:17,,2024-04-18 15:00:46,68,,1
2FZZ7NB5AD,Reliable 20240912,,0,60e85bfce4ba,,172.17.2.158,5,2,0,0,,,11198,184.71.162.178,192.168.1.176,2024-05-27 13:01:54,,,2024-11-26 23:47:15,,2024-11-25 18:02:02,2024-09-12 16:18:38,,2024-04-04 16:27:09,0,,1
2U25GSB44B,Reliable 20240820 PRO,,1,3ce0646eea9a,10.241.65.154,172.17.2.126,5,0,0,0,,,11156,209.20.60.12,192.168.111.149,2024-09-10 16:43:54,,,2024-09-10 17:01:20,,,2024-08-22 14:17:59,,2024-08-20 20:58:20,10,,1
33J3Z5B6YE,MIKE K Westburne Vancouver 20241018,,0,98f07b9da77b,,172.17.2.223,5,2,3,0,,,11192,75.155.191.75,192.168.1.76,2024-11-08 22:45:41,,,2024-11-07 22:06:05,2024-11-07 22:08:36,2024-11-07 22:09:27,2024-10-18 16:09:19,,2024-10-04 13:24:09,0,,1
3DQTGSB44B,Reliable 20240820 PRO,,1,3ce06469c07b,10.241.65.142,172.17.2.223,5,0,0,0,,,11226,209.20.60.12,192.168.111.144,2024-12-13 16:45:17,,,2024-12-31 18:28:25,2024-09-10 16:18:31,,2024-12-30 19:24:21,,2024-08-20 20:14:49,10,,1
3HNAHSB44B,Reliable 20240912,,0,3ce0647034fb,,172.17.2.223,5,2,0,0,,,11198,184.71.162.178,192.168.1.181,2024-05-27 13:01:54,,,2024-11-26 23:47:09,2024-11-01 16:39:09,2024-05-27 13:02:19,2024-04-04 15:20:58,,2024-04-04 15:03:54,0,,1
3IL3Z5B6YE,Toronto Stock 20241203 Dee 20241217,,0,98f07b9dad1b,,172.17.2.127,0,0,0,,,,11226,209.20.60.12,192.168.111.194,2024-12-17 15:47:08,,,2024-12-31 17:56:54,2024-12-03 17:52:29,,2024-12-17 16:04:37,,2024-10-22 20:07:52,0,,1
3TRH7NB5AD,Reliable 20240820 PRO,,1,60e85bf3c67b,10.241.65.62,172.17.2.223,5,0,0,0,,,11170,,192.168.1.86,2024-09-04 18:06:27,,,2024-08-20 21:09:15,2024-08-20 21:03:17,,2024-06-07 14:56:14,,2024-06-07 14:45:58,,,1
4HUONYS44B,Reliable 20240820 PRO,206,1,3ce4b0d750fc,10.241.65.170,172.17.2.224,5,0,7,0,,,11226,184.151.230.151,192.168.2.86,2024-12-27 22:21:44,,,2024-12-31 17:40:25,2024-08-20 21:47:29,,2024-08-22 13:42:59,,2024-08-20 21:27:51,124,,1
4JL3Z5B6YE,Toronto Stock 20241203,,1,98f07b9dad3c,10.241.65.46,172.17.2.160,5,0,0,0,,,11214,209.20.60.12,192.168.111.227,2024-12-03 20:22:25,,,2024-12-03 20:38:10,2024-06-24 17:22:00,,2024-06-07 14:56:53,,2024-06-07 14:46:11,10,,1
4ONYBSB44B,Reliable 20240820,,0,3ce0641c35dc,,172.17.2.192,5,2,0,0,,,11198,184.71.162.178,192.168.1.242,2024-11-25 17:12:43,,,2024-11-25 17:33:55,,,2024-08-20 19:44:13,,2024-08-20 17:05:00,0,,1
4UH3Z5B6YE,Alex 20240820,,1,98f07b9d9e9c,10.241.65.106,172.17.2.128,5,2,0,0,,,11226,45.44.69.108,192.168.0.128,2024-11-21 03:42:49,,,2025-01-02 15:44:46,2024-10-04 00:43:38,2024-09-29 16:13:31,2024-09-29 18:31:53,,2024-07-12 13:10:20,79,,1
4WO5GSB44B,Reliable 20240820,,0,3ce0646ebadc,,172.17.2.192,5,2,0,0,,,11198,184.71.162.178,192.168.1.102,2024-11-25 17:36:30,,,2024-09-04 16:30:17,,,2024-08-20 19:43:59,,2024-08-20 17:05:43,0,,1
4ZEH7NB5AD,Vancouver 20241022,50,1,60e85bf3933c,10.241.64.190,172.17.2.160,5,2,0,0,,,11198,184.71.162.178,192.168.1.39,2024-11-27 17:12:36,,,2024-11-27 17:25:00,2024-12-14 13:43:29,2024-05-03 19:41:51,,,2023-11-30 18:49:33,72,,1
5KT5GSB44B,Reliable 20240820 PRO,,1,3ce0646ecd5d,10.241.65.146,172.17.2.193,5,0,0,0,,,11176,,192.168.1.111,2024-05-27 13:01:54,,,2024-09-04 19:04:16,,,2024-08-22 14:17:51,,2024-08-20 20:58:23,,,1
5O7TX5SRED,Dee Murphy,203,1,648cbb79fddd,10.241.65.98,172.17.2.193,5,2,3,,,,11226,129.222.195.197,192.168.1.236,2025-01-02 15:57:05,,,2025-01-02 16:04:59,2024-12-15 16:35:36,,,,2024-11-20 17:12:58,81,,1
5P2BPSTQUB,Vancouver 20241022,,0,3484e4f0e9fd,,172.17.2.225,5,2,0,,,,11198,184.71.162.178,192.168.1.247,2024-11-27 16:32:27,,,2024-11-26 23:11:50,,,,,2024-10-22 19:13:43,0,,1
5QI3Z5B6YE,Reliable 20240820,,0,98f07b9da21d,,172.17.2.129,5,2,0,0,,,11198,184.71.162.178,192.168.1.130,2024-11-25 17:02:24,,,2024-09-04 17:04:06,,2024-07-11 17:50:59,2024-08-22 14:47:39,,2024-06-08 14:29:04,0,,1
5TI3Z5B6YE,Vancouver 20241022,,0,98f07b9da27d,,172.17.2.225,5,2,0,,,,11198,184.71.162.178,192.168.1.226,2024-11-27 17:12:14,,,2024-11-27 17:26:00,2024-10-22 14:17:49,,2024-10-22 17:19:17,,2024-10-22 14:13:17,0,,1
5U25GSB44B,2236 Folkstone (R40) 20231130,20,1,3ce0646eea9d,10.241.64.138,172.17.2.129,5,0,7,0,,,11214,50.68.244.86,192.168.0.49,2024-11-22 21:03:33,,,2024-11-22 21:10:25,2024-06-11 22:46:02,2024-05-22 12:03:45,,,2023-11-30 20:36:37,73,,1
5VWDPSTQUB,Vancouver 20241022,,0,3484e4f1dabd,,172.17.2.161,5,2,0,,,,11198,184.71.162.178,192.168.1.180,2024-11-27 16:14:51,,,2024-11-27 16:23:10,,,,,2024-10-22 17:21:26,0,,1
5X6V7NB5AD,2990 Palmerston 20240418,4,1,60e85bfafafd,10.241.64.250,172.17.2.225,5,0,3,0,,,11226,50.68.232.53,192.168.4.12,2024-12-15 03:02:52,,,2024-12-31 17:47:37,2024-04-18 19:53:50,2024-04-18 20:04:00,,,2024-04-18 14:31:50,70,,1
6AQTGSB44B,Reliable 20240912,,0,3ce06469c01e,,172.17.2.130,5,2,0,0,,,11198,184.71.162.178,192.168.1.166,2024-11-26 23:39:32,,,2024-11-26 23:47:05,2024-10-21 01:59:30,2024-05-27 13:02:19,2024-09-12 17:45:55,,2024-04-04 16:10:35,0,,1
6UTINVAGMD,2238 Folkstone (R40) 20231130,21,1,6c302ad44e9e,10.241.64.126,172.17.2.130,5,0,7,0,,,11226,50.68.120.25,192.168.0.44,2024-12-18 20:33:47,,,2024-12-31 17:34:33,,2024-04-26 17:10:00,,,2023-11-30 21:47:08,68,,1
7GJW7NB5AD,Reliable 20240820,,0,60e85bfb24df,,172.17.2.195,5,2,0,0,,,11198,184.71.162.178,192.168.1.188,2024-11-25 17:04:01,,,2024-06-23 18:47:45,2024-08-20 16:10:32,2024-08-20 16:06:43,2024-08-22 14:53:49,,2023-11-27 20:28:27,0,,1
7W77GSB44B,Toronto Stock 20241203,,1,3ce0646ffedf,10.241.64.18,172.17.2.195,5,0,0,0,,,11214,209.20.60.12,192.168.111.182,2024-12-03 20:38:14,,,2024-10-28 18:27:46,2024-12-03 20:51:42,,,,2023-11-18 23:10:09,10,,1
7ZFCQNB5AD,475 13TH ST 20231130,17,1,60e85b01173f,10.241.64.130,172.17.2.163,5,0,7,0,,,11226,50.64.47.190,192.168.0.66,2024-12-03 02:51:41,,,2024-12-31 18:00:26,,2024-04-10 19:05:07,,,2023-11-30 21:22:41,71,,1
94TKT43KWM,USWA Duwamich 20240104,,1,0cb2b7c9aa7c,10.241.64.194,172.17.2.224,5,0,3,0,,,11224,73.109.47.236,"",2024-12-16 23:49:11,,,2024-12-17 00:02:35,2024-12-28 17:37:43,2024-04-20 03:19:46,,,2024-01-04 21:40:09,92,,1
95XHT43KWM,Breadboarded,,0,,10.241.65.30,,,0,,,,,0,,,,,,,,,,,2024-09-12 01:57:50,,,1
96OYT43KWM,1.01 -- RC6,,1,0cb2b7c9e1de,10.241.64.42,172.17.2.194,5,0,7,0,,,11184,206.231.127.122,192.168.1.142,2024-07-05 13:35:56,,,2024-09-21 16:32:45,,,,2024-05-31 15:02:35,2024-02-04 15:22:38,94,,1
96WLT43KWM,Gold image. 20231118,67,1,0cb2b7c9aede,10.241.64.162,172.17.2.194,5,2,0,0,,,11226,65.48.225.46,192.168.138.79,2024-12-16 21:40:29,,,2024-01-18 09:28:19,,,,,2023-11-18 23:10:09,87,,1
9BO7643KWM,Alex P Development 20240418,28,1,0cb2b7cf7dc1,10.241.64.66,172.17.2.165,5,2,7,0,,,11226,45.44.69.108,192.168.0.212,2025-01-02 15:45:19,,,2025-01-02 15:53:15,2024-12-07 02:33:52,2024-12-21 01:57:17,2024-12-19 00:28:36,,2024-04-18 15:00:46,80,,1
9BX3ENLMUE,85 Bedford Replacement 20231118,23,1,04a316d26ee1,10.241.64.74,172.17.2.197,5,0,3,0,,,11226,70.53.77.164,192.168.2.197,2024-12-13 20:36:09,,,2024-12-31 18:26:56,,,,,2023-11-18 23:10:09,11,,1
9EGZXMSLMY,Reliable 20240820 PRO,8,1,1862e4cbe4c4,10.241.64.62,172.17.2.168,5,0,7,0,,,11226,206.116.200.135,192.168.1.2,2024-11-23 01:25:03,,,2024-12-31 17:55:31,,,2024-08-22 13:59:36,,2024-04-18 14:33:05,67,,1
9L2QT43KWM,JKing - Experimentation.,,1,,10.241.64.30,,,0,,,,,0,,,,,,,,,,,2024-09-12 02:00:40,,,1
9MIT5LSLMY,Reliable 20240820 PRO 2x Calib,,1,1862e4becd0c,10.241.65.202,172.17.2.112,5,0,0,0,,,11198,184.71.162.178,192.168.1.11,2024-11-26 23:56:52,,,2024-11-27 00:18:31,,,,,2024-08-22 15:34:50,71,,1
9OE3T43KWM,Great Oak Cohousing North 20240201,13,1,0cb2b7c9ec8e,10.241.64.170,172.17.2.114,5,0,3,0,,,11226,70.90.143.154,10.7.38.212,2024-09-26 02:03:54,,,2024-12-31 18:21:30,,,,,2024-02-01 19:09:36,52,,1
9RRKBV3GPE,1.00 -- RC9,,1,,10.241.64.10,,,0,,,,,0,,,,,,,,,,,2024-09-12 02:01:46,,,1
9V75T43KWM,Reliable 20240912 PRO,,1,0cb2b7c9f7f5,10.241.64.202,172.17.2.217,5,0,0,0,,,11198,184.71.162.178,192.168.1.243,2024-11-25 22:47:03,,,2024-11-25 23:05:20,2024-08-01 21:39:08,2024-09-14 15:29:36,2024-09-14 15:29:32,2024-05-27 18:06:09,2024-01-04 22:03:47,71,,1
9Y45T43KWM,1.00 -- RC6,,0,0cb2b7c9f798,10.241.64.122,172.17.2.124,3,0,0,0,,,11184,206.231.127.122,192.168.1.161,2023-06-18 14:55:45,,,2024-09-21 16:36:05,2024-07-09 15:17:44,2024-07-09 15:16:27,2024-03-29 15:11:13,2024-03-29 15:12:45,2024-01-20 04:01:02,0,,1
A3J3Z5B6YE,Vancouver 20241022,,0,98f07b9da760,,172.17.2.196,5,2,0,,,,11198,184.71.162.178,192.168.1.10,2024-11-26 23:52:08,,,2024-11-26 22:48:15,,,,,2024-10-22 19:38:19,70,,1
A3KTX5SRED,Toronto Stock 20241203,,0,648cbb79ab60,,172.17.2.196,5,2,0,,,,11214,209.20.60.12,192.168.111.123,2024-12-03 20:04:22,,,2024-12-03 20:20:15,,,,,2024-12-03 20:02:16,10,,1
A43BPSTQUB,Vancouver 20241022,,0,3484e4f0ef80,,172.17.2.100,5,2,0,,,,11198,184.71.162.178,192.168.1.47,2024-11-27 16:53:16,,,2024-11-27 17:07:21,2024-10-22 17:58:39,2024-10-22 17:57:47,,,2024-10-22 17:43:50,0,,1
A6IUMGX2QF,VG Inventory Toronto - 20240321 Calib,,1,b0d5ccca23c0,10.241.64.98,172.17.2.164,5,0,0,0,,,11140,,192.168.111.222,2024-06-27 16:07:19,,,2024-06-27 16:24:00,2024-06-28 17:53:58,2024-06-28 16:59:21,2024-04-23 16:14:20,,2023-11-18 23:10:09,,,1
ALIYQNB5AD,Old test 20240912,,1,,,,,0,,,,,0,,,,,,,,,,,2024-09-12 02:03:19,,,1
AQI3Z5B6YE,Vancouver 20241022,,0,98f07b9da200,,172.17.2.100,5,2,0,,,,11198,184.71.162.178,192.168.1.102,2024-11-26 23:51:51,,,2024-11-26 22:48:35,2024-10-22 17:57:23,,,,2024-10-22 17:42:16,0,,1
AR5M7NB5AD,Reliable 20240820,,0,60e85bf67620,,172.17.2.132,5,2,0,0,,,11198,184.71.162.178,192.168.1.51,2024-11-25 17:13:11,,,2024-11-25 17:32:25,,,2024-08-22 14:53:34,,2024-08-20 15:30:59,0,,1
ARYTISB44B,Reliable 20240820,,0,3ce06489e220,,172.17.2.132,5,2,0,0,,,11170,,192.168.1.122,2024-09-04 15:33:14,,,2024-08-20 19:24:15,,,,,2024-08-20 19:14:19,,,1
ASRCPSTQUB,Reliable 20240912 PRO,,1,3484e4f14640,10.241.65.66,172.17.2.164,5,0,0,0,,,11198,184.71.162.178,192.168.1.162,2024-11-26 21:11:51,,,2024-06-12 23:44:50,,,2024-09-14 15:29:25,,2024-06-07 15:19:12,72,,1
ATMORNB5AD,Treehouse VarianPRO - 01 20231130,26,1,60e85b173260,10.241.64.50,172.17.2.196,5,0,0,0,,,11226,134.41.202.172,172.20.101.11,2024-12-20 08:17:28,,,2024-12-31 17:50:41,,,,,2023-11-30 21:22:32,21,,1
AVTTISB44B,Reliable 20240820 PRO 2x Calib,,1,3ce06489cea0,10.241.65.162,172.17.2.132,5,0,0,0,,,11198,184.71.162.178,192.168.1.252,2024-11-26 23:56:56,,,2024-11-27 00:18:30,,,2024-08-22 14:32:54,,2024-08-20 20:58:39,72,,1
B5P5GSB44B,Reliable 20240912,,0,3ce0646ebfa1,,172.17.2.133,5,2,0,0,,,11198,184.71.162.178,192.168.1.107,2024-05-27 13:01:54,,,2024-11-26 23:47:21,2024-09-12 15:52:44,2024-09-12 15:55:41,2024-09-12 15:22:10,,2024-04-04 14:37:30,0,,1
B5V5GSB44B,Reliable 20240820,,0,3ce0646ed7a1,,172.17.2.133,5,2,0,0,,,11198,184.71.162.178,192.168.1.53,2024-11-25 17:13:01,,,2024-11-25 17:34:15,,,2024-08-22 14:53:31,,2024-04-18 15:01:27,0,,1
BCUT6Y77AH,Westburne 20240404 - Problem?,,0,e0fff1e9d041,,172.17.2.165,5,2,3,0,,,11112,,10.0.0.38,2024-05-06 22:14:10,,,2024-05-06 22:21:56,2023-06-18 15:12:26,2024-05-06 21:44:36,2023-06-18 15:01:20,2023-06-18 14:58:44,2024-04-04 17:00:31,,,1
BJYWISB44B,Westburne Vancouver 20240404,51,1,3ce0648b6121,10.241.65.34,172.17.2.133,5,2,3,0,,,11224,75.157.58.26,192.168.1.65,2024-12-28 16:17:10,,,2024-12-28 16:24:54,2024-05-02 06:38:15,2024-05-02 06:38:20,2024-10-15 16:33:05,2024-10-15 16:33:27,2024-04-04 16:39:14,74,,1
BLVONYS44B,Toronto 20240719 First Shipped,,0,3ce4b0d75561,,172.17.2.197,5,2,0,0,,,11164,,192.168.111.65,2024-07-25 16:23:40,,,2024-07-25 16:31:50,2024-07-25 16:27:17,2024-07-25 16:28:45,2024-07-19 15:21:43,,2024-07-19 15:18:26,,,1
BSI3Z5B6YE,Reliable 20240912 PRO,,1,98f07b9da241,10.241.65.54,172.17.2.165,5,0,0,0,,,11198,184.71.162.178,192.168.1.169,2024-11-25 22:47:06,,,2024-11-25 23:07:11,2024-06-07 17:11:32,,2024-06-07 14:52:34,,2024-06-07 14:46:55,71,,1
BWZWISB44B,Treehouse VarianPRO - 02 20231130,15,1,3ce0648b66c1,10.241.64.94,172.17.2.165,5,3,0,0,,,11224,47.55.112.91,172.20.101.12,2024-10-27 13:23:43,,,2024-08-17 11:55:40,,,,,2023-11-30 20:36:11,19,,1
DAO5GSB44B,Reliable 20240912 PRO,,1,3ce0646eb803,10.241.64.234,172.17.2.103,5,0,0,0,,,11198,184.71.162.178,192.168.1.158,2024-11-25 22:48:14,,,2024-11-25 23:08:42,,,2024-09-14 15:10:52,,2024-06-27 14:28:56,72,,1
DCS7GSB44B,Reliable 20240820 PRO,210,1,3ce0646fc843,10.241.65.186,172.17.2.167,5,0,3,0,,,11226,184.151.230.90,192.168.0.101,2024-12-12 01:15:34,,,2024-12-31 18:07:46,2024-08-22 13:23:40,2024-08-22 13:18:29,,,2024-08-20 22:00:57,95,,1
DDQTGSB44B,Reliable 20240820,,0,3ce06469c063,,172.17.2.199,5,2,3,0,,,11226,75.155.240.234,192.168.1.117,2024-11-14 15:41:25,,,2024-12-31 18:03:41,2024-05-27 13:15:23,2024-11-13 23:02:14,2024-08-20 19:09:08,,2024-08-20 17:18:41,77,,1
DKVONYS44B,Toronto Stock 20241203,,0,3ce4b0d75543,,172.17.2.167,5,2,0,,,,11214,209.20.60.12,192.168.111.35,2024-12-03 17:32:32,,,2024-12-03 17:27:00,2024-12-03 17:23:44,,,,2024-10-22 19:40:40,10,,1
DRQCFMCXUH,Reliable 20240820 - Windsor 20241121,,0,f4b898514223,,172.17.2.135,5,2,0,0,,,11170,,192.168.1.205,2024-09-04 15:03:38,,,2024-09-04 15:15:32,,,,,2024-08-20 20:03:57,,,1
DRS7GSB44B,Reliable 20240820,,0,3ce0646fca23,,172.17.2.135,5,2,0,0,,,11198,184.71.162.178,192.168.1.148,2024-11-25 17:13:18,,,2024-11-25 17:32:51,,2024-04-22 18:22:42,2024-08-22 14:47:21,,2024-04-18 16:23:03,0,,1
DULAHSB44B,Reliable 20240820,,0,3ce064702e83,,172.17.2.103,5,2,0,0,,,11170,,192.168.1.137,2024-09-04 15:33:31,,,2024-08-20 20:16:51,,,2024-08-20 20:12:53,,2024-08-20 16:41:03,,,1
DV4BPSTQUB,Reliable 20240820 PRO,179,1,3484e4f0f2a3,10.241.65.50,172.17.2.135,5,0,7,0,,,11226,184.151.230.146,192.168.2.59,2024-10-16 19:00:35,,,2024-12-31 17:37:56,2024-10-21 01:16:31,2024-08-20 21:21:57,2024-06-07 14:55:24,,2024-06-07 14:46:34,88,,1
E276F4SEMH,Great Oak Cohousing Mid 20240201,12,1,ec24b85f7f44,10.241.64.166,172.17.2.168,5,0,3,0,,,11226,70.90.143.154,10.7.38.235,2024-06-09 19:37:36,,,2024-12-31 18:19:41,,,,,2024-02-01 19:09:36,39,,1
EJL3Z5B6YE,Toronto Stock 20241203,,0,98f07b9dad24,,172.17.2.136,5,2,0,,,,11214,209.20.60.12,192.168.111.203,2024-12-03 17:35:28,,,2024-12-03 17:03:31,,,,,2024-10-22 19:20:51,0,,1
F4DNWNPGED,West Broadway 20231118,1,1,6433db668f85,10.241.64.106,172.17.2.105,5,0,7,0,,,11226,174.7.104.114,192.168.1.228,2024-10-11 21:30:30,,,2024-12-31 18:00:21,,,,,2023-11-18 23:10:09,69,,1
FKSH7NB5AD,1.01 -- RC9,,1,60e85bf3c945,10.241.64.26,172.17.2.169,5,2,0,0,,,11184,206.231.127.122,192.168.1.197,2024-09-09 11:02:06,,,2024-08-20 14:02:46,2024-07-09 15:17:46,2024-07-09 15:16:24,2024-03-29 20:35:45,2024-05-22 13:29:26,2024-04-10 14:16:29,95,,1
FVW3BSB44B,Reliable 20240820,,0,3ce0641ddaa5,,172.17.2.137,5,2,0,0,,,11198,184.71.162.178,192.168.1.173,2024-11-25 16:14:49,,,2024-11-25 16:31:44,2024-11-25 16:34:06,,2024-08-22 14:47:36,,2024-08-20 15:30:56,0,,1
FW5DNVAGMD,Reliable 20240912,,0,6c302ad1f6c5,,172.17.2.169,5,2,0,0,,,11198,184.71.162.178,192.168.1.14,2024-05-27 13:01:54,,,2024-11-26 23:47:19,,,,,2024-04-18 22:28:10,0,,1
FZAEDQTBIE,,,0,,,,,,,,,,11226,209.20.60.12,,,,,2024-12-31 18:02:10,,,,,2024-12-17 20:37:06,10,,1
GIJ4OSTQUB,Reliable 20240912 PRO 2x Calib GESCAN/TONY,183,1,3484e4ee2506,10.241.65.70,172.17.2.106,5,0,0,0,,,11226,50.64.45.37,192.168.0.174,2024-12-13 14:53:24,,,2024-12-31 17:41:00,2024-05-27 13:05:09,2024-05-27 13:05:15,2024-09-14 15:29:28,,2024-06-07 15:19:24,69,,1
GIL3Z5B6YE,Vancouver 20241022,,0,98f07b9dad06,,172.17.2.106,5,2,0,,,,11198,184.71.162.178,192.168.1.95,2024-11-27 17:12:39,,,2024-11-27 17:26:05,,,,,2024-10-22 19:40:58,0,,1
GOFAKMCXUH,1.01 -- RC6,,1,f4b898a015c6,10.241.64.118,172.17.2.170,5,0,0,0,,,11184,206.231.127.122,192.168.1.153,2024-07-01 16:30:27,,,2024-07-01 16:40:55,2024-03-21 13:56:29,,2024-03-24 18:54:24,2024-03-24 18:54:28,2024-01-22 20:43:52,94,,1
GUIAPSTQUB,Vancouver 20241022,,0,3484e4f02286,,172.17.2.106,5,2,0,,,,11198,184.71.162.178,192.168.1.251,2024-05-27 13:01:54,,,2024-11-26 22:48:41,2024-10-22 17:57:39,,2024-10-22 17:40:18,,2024-10-22 14:11:27,0,,1
H6ANIUGVUE,VG Office Commissioning Server,,1,,10.241.64.54,,,0,,,,,0,,,,,,,,,,,2024-09-12 02:05:30,,,1
HAVQISB44B,Reliable 20240820,,0,3ce064885407,,172.17.2.107,5,2,0,0,,,11170,,192.168.1.196,2024-05-27 13:01:54,,,2024-08-20 17:02:31,2024-09-04 15:32:10,2024-04-22 18:21:08,2024-08-20 16:55:09,,2024-04-18 15:58:59,,,1
HFB6GSB44B,Bundle - Gescan 20240404,,0,"",,"",5,2,0,0,,,11108,,192.168.1.16,2023-06-18 14:55:45,,,2024-04-17 17:14:46,,,2024-04-04 15:21:13,,2024-04-04 15:08:49,,,1
HMB27NB5AD,Reliable 20240820 PRO,6,1,60e85bfd0587,10.241.65.178,172.17.2.107,5,0,7,0,,,11226,172.218.20.72,192.168.1.68,2024-12-05 22:06:48,,,2024-12-31 18:09:11,,,2024-08-22 13:49:53,,2024-08-20 21:28:38,67,,1
HO2BPSTQUB,Vancouver 20241022,,0,3484e4f0e9c7,,172.17.2.171,5,2,0,,,,11198,184.71.162.178,192.168.1.193,2024-11-27 16:53:19,,,2024-11-27 17:06:55,,,,,2024-10-22 19:14:46,0,,1
HRMORNB5AD,Halsall's Dev BBB,,1,,10.241.64.114,,,0,,,,,0,,,,,,,,,,,2024-09-12 02:05:30,,,1
HSI3Z5B6YE,Toronto 20240820,182,1,98f07b9da247,10.241.65.90,172.17.2.171,5,0,0,0,,,11226,209.20.60.12,192.168.111.159,2024-12-30 18:11:30,,,2024-12-31 18:23:55,2024-12-13 17:28:50,2024-11-19 15:04:06,2024-09-10 16:05:03,,2024-08-19 17:25:11,10,,1
HXH3Z5B6YE,Vancouver 20241022,,0,98f07b9d9ee7,,172.17.2.203,5,2,0,,,,11198,184.71.162.178,192.168.1.134,2024-11-26 23:52:05,,,2024-11-26 21:44:05,,,2024-10-22 17:19:20,,2024-10-22 14:13:46,0,,1
HYV4GSB44B,Reliable 20240912,,0,3ce0646e5707,,172.17.2.107,5,2,0,0,,,11198,184.71.162.178,192.168.1.254,2024-05-27 13:01:55,,,2024-11-25 19:09:07,,,2024-09-12 16:18:23,,2024-04-04 15:04:11,0,,1
HYWRISB44B,Reliable 20240912,,0,3ce06488db07,,172.17.2.107,5,2,0,0,,,11198,184.71.162.178,192.168.1.125,2024-11-26 23:48:48,,,2024-09-14 15:58:10,2024-04-04 14:52:44,,2024-09-12 17:28:07,,2024-04-04 14:32:58,0,,1
HZYYBSB44B,Reliable 20240820,,0,3ce0641c6327,,172.17.2.139,5,2,0,0,,,11198,184.71.162.178,192.168.1.230,2024-11-25 17:13:31,,,2024-11-25 17:34:44,2024-09-04 16:35:13,,2024-08-20 19:44:02,,2024-08-20 17:05:24,0,,1
I3RTGSB44B,Reliable 20240912,,0,3ce06469c768,,172.17.2.204,5,2,0,0,,,11198,184.71.162.178,192.168.1.28,2024-11-26 23:35:25,,,2024-09-14 18:03:55,,,2024-09-12 17:27:52,,2024-04-04 16:27:14,0,,1
IFL5GSB44B,Ken R 20231120,52,1,3ce0646eaca8,10.241.64.150,172.17.2.140,5,2,3,0,,,11226,207.81.84.108,192.168.1.90,2024-12-14 20:34:16,,,2024-12-31 17:44:21,2024-12-14 18:24:36,,,,2023-11-20 19:55:31,72,,1
IGTARNB5AD,Treehouse old 20240607,,1,,10.241.64.102,,,0,,0,,,0,,,,,,,,,,,2024-02-03 16:20:43,,,1
IH2M7NB5AD,Reliable 20240912,,0,60e85bf668e8,,172.17.2.204,5,2,0,0,,,11198,184.71.162.178,192.168.1.175,2024-05-27 13:01:54,,,2024-09-14 14:38:25,2024-09-12 15:58:33,2024-09-12 15:21:59,2024-09-12 15:22:03,,2024-04-22 18:06:25,0,,1
IHC6GSB44B,Reliable 20240820 - Returned 20241121,,0,3ce0646f08e8,,172.17.2.204,5,2,0,0,,,11170,,192.168.1.33,2024-05-27 13:01:54,,,2024-04-18 17:44:11,,2024-04-22 17:34:47,2024-08-22 14:53:45,,2024-04-18 17:23:44,,,1
IHF6GSB44B,Bundle - Gescan 20240404,,0,3ce0646f14e8,,172.17.2.204,5,2,0,0,,,11198,184.71.162.178,192.168.1.130,2024-05-27 13:01:54,,,2024-11-25 18:16:35,,2024-04-22 17:56:58,,,2024-04-18 22:21:00,0,,1
IM2BPSTQUB,Reliable 20240820 PRO,29,1,3484e4f0e988,10.241.65.190,172.17.2.108,5,0,7,0,,,11186,207.34.169.212,192.168.200.130,2024-09-06 00:39:51,,,2024-09-06 00:47:40,,2024-08-22 14:15:27,2024-08-22 14:05:34,,2024-08-22 14:05:14,72,,1
INQ5GSB44B,VG Inventory - Reliable 20240418,,0,3ce0646ec1a8,,172.17.2.140,5,2,0,0,,,11106,,192.168.1.88,2024-04-22 18:39:08,,,,,,,,2024-04-22 18:45:33,,,1
IRJAHSB44B,Reliable 20240820,,0,3ce064702628,,172.17.2.140,5,2,0,0,,,11198,184.71.162.178,192.168.1.145,2024-05-27 13:01:54,,,2024-11-25 16:53:33,,,2024-08-22 14:47:30,,2024-04-22 17:24:30,0,,1
IRWWISB44B,Toronto Stock 20241203,,1,3ce0648b5a28,10.241.64.34,172.17.2.140,5,2,0,0,,,11214,209.20.60.12,192.168.111.113,2024-12-03 20:59:43,,,2024-10-22 18:42:35,2024-12-03 21:15:32,2024-12-03 21:15:18,,,2024-04-04 16:16:37,10,,1
J7P5GSB44B,Toronto Stock 20241203,,1,3ce0646ebfe9,10.241.64.186,172.17.2.205,5,2,0,0,,,11214,209.20.60.12,192.168.111.191,2024-12-03 17:26:44,,,2024-12-03 17:35:27,2024-09-10 17:15:37,2024-12-03 17:03:26,2024-04-23 16:14:24,,2024-04-05 13:47:51,10,,1
JNSCPSTQUB,Reliable 20240820 PRO 2x Calib,,1,3484e4f149a9,10.241.65.166,172.17.2.141,5,0,0,0,,,11198,184.71.162.178,192.168.1.109,2024-11-26 23:57:02,,,2024-11-27 00:16:10,,,2024-08-22 14:33:01,,2024-08-20 20:58:58,70,,1
JRNL5QDBUB,Bundle - Gescan 20240404,,0,3408e1d5b629,,172.17.2.141,5,2,0,0,,,11106,,192.168.1.90,2023-06-18 14:55:45,,,,,,,,2024-04-04 17:19:55,,,1
JSXRISB44B,Reliable 20240820,94,1,3ce06488de49,10.241.65.210,172.17.2.173,5,2,3,0,,,11224,184.71.162.178,192.168.1.30,2024-12-20 22:18:01,,,2024-12-30 18:25:15,2024-12-06 20:00:42,2024-09-04 22:58:20,2024-08-20 20:13:04,,2024-04-18 17:24:14,69,,1
JVZWISB44B,VG Inventory - Reliable 20240418,,0,3ce0648b66a9,,172.17.2.141,5,2,0,0,,,11106,,192.168.1.182,2024-04-22 17:47:54,,,2024-04-18 22:41:36,2024-10-28 15:02:17,,,,2024-04-18 22:21:04,,,1
K2WV6Y77AH,2246 Folkstone (R40) 20231130,19,1,e0fff1eadb4a,10.241.64.134,172.17.2.174,5,0,7,0,,,11226,50.68.249.58,192.168.0.45,2024-12-18 21:14:25,,,2024-12-31 17:54:35,,,,,2023-11-30 21:22:44,68,,1
K5HAHSB44B,Bundle - Gescan 20240404,,0,3ce064701faa,,172.17.2.142,0,0,3,0,,,11222,50.64.38.241,10.0.0.249,2024-12-02 00:26:43,,,2024-12-04 13:36:50,2024-10-12 22:21:53,,2024-04-04 17:10:35,,2024-04-04 17:05:31,78,,1
KAN5GSB44B,Toronto Stock 20241203,,0,3ce0646eb40a,,172.17.2.110,5,2,4,0,,,11226,209.20.60.12,192.168.111.118,2024-12-20 17:03:15,,,2024-12-31 18:35:27,2024-10-25 15:38:29,,2024-12-21 14:51:19,,2024-08-20 16:41:40,10,,1
KEM6GSB44B,Reliable 20240820,,0,3ce0646f308a,,172.17.2.110,5,2,0,0,,,11198,184.71.162.178,192.168.1.184,2024-05-27 13:01:55,,,2024-11-25 16:53:52,,,2024-08-20 19:44:05,,2024-08-20 17:05:08,0,,1
KJSH7NB5AD,Workshop,5,1,60e85bf3c92a,10.241.64.214,172.17.2.142,5,0,0,0,,,11226,209.20.60.12,192.168.111.153,2024-12-30 17:50:16,2024-08-28 19:25:36,,2024-12-31 16:53:55,2024-12-03 17:44:47,2024-12-03 17:53:11,2024-12-19 14:43:07,2024-10-07 15:43:02,2023-11-22 17:15:46,10,,1
KWO5GSB44B,Reliable 20240912,,0,3ce0646ebaca,,172.17.2.174,5,2,0,0,,,11198,184.71.162.178,192.168.1.84,2024-05-27 13:01:54,,,2024-09-14 14:38:10,,2024-05-27 13:02:19,2024-09-12 16:18:31,,2024-04-22 17:53:29,0,,1
KWZWISB44B,Reliable 20240912,,1,3ce0648b66ca,10.241.64.206,172.17.2.174,5,2,3,0,,,11198,184.71.162.178,10.10.10.208,2024-08-29 00:03:14,,,2024-08-29 00:56:13,2024-09-07 23:28:07,2024-06-25 23:29:25,,,2024-01-23 16:38:54,71,,1
KYFSOSTQUB,Reliable 20240912 PRO,,1,3484e4e9170a,10.241.65.58,172.17.2.110,5,0,0,0,,,11198,184.71.162.178,192.168.1.105,2024-11-26 21:11:56,,,2024-06-12 23:44:50,,2024-06-07 17:11:41,2024-09-14 15:10:49,,2024-06-07 14:48:27,71,,1
L42YBSB44B,Reliable 20240912,,0,3ce0641c6b8b,,172.17.2.111,5,2,0,0,,,11198,184.71.162.178,192.168.1.231,2024-11-25 18:46:41,,,2024-09-14 14:37:00,2024-06-12 21:11:08,,2024-09-12 16:02:23,,2024-04-04 17:14:03,0,,1
L5IUOSTQUB,Reliable 20240820 PRO 2x Calib,,1,3484e4ea23ab,10.241.65.194,172.17.2.143,5,0,0,0,,,11198,184.71.162.178,192.168.1.51,2024-11-26 23:57:06,,,2024-11-27 00:18:30,,,,,2024-08-22 15:14:55,72,,1
LEAENVAGMD,VG Inventory - Reliable 20240418,,0,6c302ad2008b,,172.17.2.111,5,2,0,0,,,11100,,192.168.1.226,2024-04-16 22:36:32,,,2024-04-17 12:57:47,,,,,2024-04-17 12:42:02,,,1
LEC6GSB44B,Reliable 20240820,,0,3ce0646f088b,,172.17.2.111,5,2,0,0,,,11198,184.71.162.178,192.168.1.187,2024-11-25 17:07:06,,,2024-11-25 17:06:16,,,2024-08-20 19:44:09,,2024-08-20 17:05:55,0,,1
LTNL5QDBUB,Reliable 20240912,,0,3408e1d5b66b,,172.17.2.207,5,2,0,0,,,11198,184.71.162.178,192.168.1.156,2024-11-25 19:03:11,,,2024-11-25 19:21:45,,,2024-09-12 17:27:58,,2024-04-04 15:08:49,0,,1
LX4BPSTQUB,Toronto Stock 20241203,,0,3484e4f0f2eb,,172.17.2.207,5,2,0,,,,11214,209.20.60.12,192.168.111.159,2024-12-03 17:40:17,,,2024-11-27 17:24:44,,,,,2024-10-22 19:40:28,11,,1
M27UMFMFYC,Reliable 20240820,,0,582b0aca7f4c,10.241.65.182,172.17.2.176,5,2,0,0,,,11170,,192.168.1.145,2024-09-04 15:34:04,,,2024-08-20 20:18:06,,,2024-08-20 20:13:11,,2024-08-20 16:41:32,,,1
M2YNZ5B6YE,Reliable 20240820 PRO,11,1,98f07b96e34c,,172.17.2.176,5,0,3,0,,,11226,73.109.47.236,192.168.1.238,2024-12-30 18:26:48,,,2024-12-31 17:39:22,,,2024-08-22 13:49:57,,2024-08-20 21:59:04,94,,1
MBCH7NB5AD,1.00 -- RC6,,1,,10.241.64.158,,,0,,,,,0,,,,,,,,,,,2024-09-12 02:06:37,,,1
MF5D4FEZID,Reliable 20240820 PRO,3,1,68c90bc1f4ac,10.241.64.174,172.17.2.144,5,0,7,0,,,11226,184.151.230.241,192.168.1.240,2024-11-30 11:32:30,,,2024-12-31 17:53:41,2024-03-31 20:23:02,2024-05-16 14:58:36,2024-08-22 13:19:36,,2023-11-18 23:10:09,305,,1
MHB6GSB44B,Westburne Vancouver 20240404,,0,3ce0646f04ec,,172.17.2.208,5,2,0,0,,,11106,,192.168.0.211,2023-06-18 14:55:45,,,2024-04-28 22:18:06,,2023-06-18 14:56:37,,,2024-04-04 16:38:26,,,1
MHNAHSB44B,Reliable 20240912,,0,3ce0647034ec,,172.17.2.208,5,2,0,0,,,11198,184.71.162.178,192.168.1.167,2024-11-25 19:06:12,,,2024-09-14 17:39:12,,,,,2024-04-04 17:04:04,0,,1
MM3YBSB44B,VG Inventory - Reliable 20240418,,0,3ce0641c6d8c,,172.17.2.112,5,2,0,0,,,11106,,192.168.1.206,2024-04-22 18:40:10,,,2024-04-18 23:16:37,,,,,2024-04-18 22:55:59,,,1
MOKONYS44B,Reliable 20240820 PRO,,1,3ce4b0d729cc,10.241.65.158,172.17.2.176,5,0,0,0,,,11198,184.71.162.178,192.168.1.210,2024-11-26 23:56:49,,,2024-11-27 00:17:45,,,2024-08-22 14:17:47,,2024-08-20 20:58:26,70,,1
MUZ5GSB44B,Reliable 20240820,,0,3ce0646ee68c,,172.17.2.112,5,2,0,0,,,11170,,192.168.1.221,2024-05-27 13:01:54,,,2024-09-04 15:58:56,2024-08-20 18:38:37,,,,2024-04-22 17:23:56,,,1
MVS3Z5B6YE,Reliable 20240820 PRO,,1,98f07b9dcaac,10.241.65.150,172.17.2.144,5,0,0,0,,,11170,,192.168.1.23,2024-09-04 18:17:45,,,2024-09-04 18:31:11,,,2024-08-22 14:17:55,,2024-08-20 20:58:02,,,1
MWMRAUGVUE,Reliable 20240912,,0,94a9a808b2cc,,172.17.2.176,5,2,0,0,,,11198,184.71.162.178,192.168.1.211,2024-11-26 23:39:44,,,2024-09-14 15:29:50,,,,,2024-04-18 22:28:03,0,,1
NA5GP3XCEH,Bundle - Gescan 20240404,,1,e415f6f3740d,10.241.64.58,172.17.2.113,5,0,0,0,,,11142,,192.168.1.149,2023-06-18 14:55:44,,,2024-06-07 17:51:50,,,2024-06-07 15:31:50,,2024-06-07 15:18:55,,,1
NH3M6Y77AH,Mike Klassen - Gescan 20240404,196,1,e0fff1e66ced,,172.17.2.209,5,2,3,0,,,11226,75.155.189.90,192.168.1.65,2024-11-20 06:27:16,,,2024-12-31 17:56:45,2024-11-13 20:40:43,2024-11-13 20:42:08,2024-11-13 20:37:40,2024-11-13 20:37:46,2024-04-04 17:25:32,74,,1
NTN4Z5B6YE,Vancouver 20241022,,0,98f07b9e366d,,172.17.2.209,5,2,0,,,,11198,184.71.162.178,192.168.1.249,2024-11-26 23:52:12,,,2024-11-26 21:42:46,,,,,2024-10-22 19:39:30,0,,1
NW77GSB44B,Bundle - Gescan 20240404,59,1,3ce0646ffecd,10.241.65.118,172.17.2.177,5,2,3,0,,,11226,154.20.23.83,192.168.1.66,2025-01-01 01:57:22,,,2025-01-01 02:05:10,2024-04-04 15:51:12,2024-07-24 23:22:31,2024-04-04 15:50:58,,2024-04-04 14:36:17,70,,1
NYCAHSB44B,Meranda 20240417,58,1,3ce064700b0d,10.241.65.114,172.17.2.113,5,2,3,0,,,11226,207.81.35.177,192.168.0.82,2024-12-24 21:45:41,,,2024-12-31 18:25:34,2024-07-30 18:41:43,2024-08-06 17:01:42,,2023-06-18 15:00:29,2024-04-17 15:12:32,114,,1
NZ3YBSB44B,Reliable 20240912,,0,3ce0641c6f2d,,172.17.2.145,5,2,0,0,,,11198,184.71.162.178,192.168.1.86,2024-05-27 13:01:54,,,2024-09-14 18:31:06,2024-09-14 17:57:04,2024-09-12 15:27:10,2024-09-12 15:22:06,2024-04-17 17:28:44,2024-04-04 14:32:50,0,,1
O44ORNB5AD,Marine Dr 20231211,2,1,60e85b17738e,10.241.64.146,172.17.2.114,5,0,7,0,,,11226,154.5.130.51,192.168.1.79,2024-12-15 00:26:07,,,2024-12-31 18:10:06,,,,,2023-12-11 21:36:14,69,,1
OB75GSB44B,Westburne Nanaimo Adam (F) 20240417,55,1,3ce0646efc2e,10.241.65.42,172.17.2.146,10,0,7,0,,,11220,70.67.193.17,192.168.0.206,2024-12-06 05:40:02,,,2024-12-06 05:47:34,2024-11-23 17:21:02,2024-07-07 15:52:47,,,2024-04-17 18:28:15,71,,1
OE5D4FEZID,Reliable 20240912 PRO,,1,68c90bc1f48e,10.241.64.110,172.17.2.114,5,0,0,0,,,11198,184.71.162.178,192.168.1.99,2024-05-27 13:01:53,,,2024-09-14 18:49:50,,2024-04-18 14:43:43,2024-09-14 15:29:43,,2024-04-18 14:32:37,71,,1
OICONYS44B,Vancouver 20241022,,0,3ce4b0d7090e,,172.17.2.114,5,2,0,,,,11198,184.71.162.178,192.168.1.171,2024-11-26 23:51:45,,,2024-11-26 21:43:56,,,,,2024-10-22 20:08:58,0,,1
OKYZ7NB5AD,Reliable 20240820,,0,60e85bfce14e,,172.17.2.178,5,2,0,0,,,11170,,192.168.1.230,2024-05-27 13:01:54,,,,,,,,2024-08-20 19:25:06,,,1
OMSCPSTQUB,Vancouver 20241022,,0,3484e4f1498e,,172.17.2.114,5,2,0,,,,11198,184.71.162.178,192.168.1.80,2024-05-27 13:01:54,,,2024-11-27 16:23:25,,,,,2024-10-22 18:59:46,0,,1
OP2BPSTQUB,Toronto Stock 20241203,,0,3484e4f0e9ee,,172.17.2.210,5,2,0,,,,11214,209.20.60.12,192.168.111.181,2024-12-03 18:17:34,,,2024-12-03 18:26:20,,,,,2024-10-22 18:59:03,10,,1
ORRCPSTQUB,Vancouver 20241022,,1,3484e4f1462e,10.241.65.86,172.17.2.146,5,2,0,0,,,11198,184.71.162.178,192.168.1.145,2024-11-27 16:53:23,,,2024-11-27 17:05:35,2024-08-28 15:34:21,2024-07-11 19:32:53,2024-07-11 13:40:46,,2024-06-08 14:28:33,71,,1
OWOJRNB5AD,Treehouse VarianPRO - 03 20231130,27,1,60e85b14bace,10.241.64.70,172.17.2.178,5,0,0,0,,,11226,134.41.202.172,172.20.101.10,2024-12-20 08:17:28,,,2024-12-31 17:50:41,,,,,2023-11-30 21:48:51,22,,1
P2IM25B6YE,Reliable 20240912 PRO GREG TO GRIDFWD,,1,98f07ba6234f,10.241.65.78,172.17.2.179,5,0,7,0,,,11184,209.20.60.12,192.168.111.221,2024-05-27 13:01:54,,,2024-09-27 13:43:15,2024-09-27 14:01:50,2024-09-27 14:01:43,,,2024-06-07 19:04:31,14,,1
P3KENVAGMD,Reliable 20240912,,0,6c302ad22b6f,,172.17.2.211,5,2,0,0,,,11198,184.71.162.178,192.168.1.34,2024-11-25 18:45:21,,,2024-09-14 18:01:10,,,2024-09-12 17:28:15,,2024-04-04 17:19:37,0,,1
PERTGSB44B,Bundle - Westburne 2040404,,0,3ce06469c48f,,172.17.2.115,5,2,0,0,,,11108,,192.168.1.231,2024-05-08 22:10:54,,,2024-05-08 22:20:21,,2024-04-18 16:11:38,,,2024-04-18 15:01:22,,,1
PHHSAUGVUE,Reliable 20240820 PRO,,1,94a9a8091cef,10.241.64.226,172.17.2.211,5,0,0,0,,,11170,,192.168.1.64,2024-09-04 18:17:40,,,2024-09-04 18:30:36,2024-08-20 21:24:00,2024-09-04 18:50:11,2024-08-20 20:33:40,,2023-11-18 23:10:09,,,1
PJAVQNB5AD,2250 Folkstone (R40) 20240125,18,1,60e85b0a812f,10.241.64.210,172.17.2.147,5,0,7,0,,,11226,50.68.253.13,192.168.0.173,2024-12-18 21:29:04,,,2024-12-31 17:46:10,,,,,2024-01-25 21:46:27,68,,1
PLVZ7NB5AD,VG Inventory - Reliable 20240418,,0,60e85bfcd56f,,172.17.2.211,5,2,0,0,,,11106,,192.168.1.164,2024-04-22 18:39:13,,,2024-04-22 18:53:02,,,,,2024-04-18 22:55:57,,,1
PW6X5Y77AH,Reliable 20240912,,0,e0fff1dbfacf,,172.17.2.179,5,2,0,0,,,11198,184.71.162.178,192.168.1.37,2024-11-26 23:35:29,,,,,,2024-04-04 17:01:59,,2024-04-04 16:55:16,0,,1
PYJ3Z5B6YE,Toronto Stock 20241203,,0,98f07b9da70f,,172.17.2.115,5,2,0,,,,11214,209.20.60.12,192.168.111.119,2024-12-03 17:53:34,,,2024-12-03 18:02:51,,,,,2024-10-22 20:08:44,11,,1
PZSIMYS44B,Old test 20240912,,1,,10.241.64.22,,,0,,,,,0,,,,,,,,,,,2024-09-12 02:07:49,,,1
QEL5GSB44B,Reliable 20240820,,0,3ce0646eac90,,172.17.2.116,5,2,0,0,,,11198,184.71.162.178,192.168.1.200,2024-11-25 16:42:55,,,2024-11-25 17:02:20,,2024-11-25 16:47:16,2024-08-20 19:43:54,,2024-08-20 17:06:21,0,,1
QFRTGSB44B,Reliable 20240820,,0,3ce06469c4b0,,172.17.2.148,5,2,0,0,,,11170,,192.168.1.14,2024-05-27 13:01:54,,,2024-08-20 19:25:25,2024-09-04 15:45:31,,,,2024-08-20 19:15:14,,,1
QHUONYS44B,Vancouver 20241022,,0,3ce4b0d750f0,,172.17.2.212,5,2,0,,,,11198,184.71.162.178,192.168.1.132,2024-11-27 16:53:38,,,2024-10-22 17:55:30,,,,,2024-10-22 17:43:25,0,,1
QL2Z7NB5AD,Toronto Stock 20241203,,1,60e85bfce970,10.241.65.82,172.17.2.212,5,2,0,0,,,11214,209.20.60.12,192.168.111.16,2024-12-03 17:38:53,,,2024-12-03 15:19:45,2024-12-02 16:37:24,2024-12-02 16:37:29,2024-10-22 17:19:13,,2024-06-07 19:10:42,50,,1
QTOIFYS44B,Reliable 20240820,,0,3ce4b0543a70,,172.17.2.212,5,2,0,0,,,11198,184.71.162.178,192.168.1.121,2024-11-25 17:35:10,,,2024-08-22 13:37:57,,2024-08-20 19:19:35,,,2024-08-20 19:19:35,0,,1
QWO5GSB44B,Reliable 20240820,,1,3ce0646ebad0,10.241.64.182,172.17.2.180,5,0,0,0,,,11184,209.20.60.12,192.168.111.152,2024-09-26 19:36:20,,,2024-09-26 19:47:50,2024-08-20 21:08:31,2024-04-04 12:38:24,2024-08-22 14:32:57,,2024-04-04 13:14:06,11,,1
RMWYBSB44B,Reliable 20240820 - Windsor 20241121,,0,3ce0641c5991,,172.17.2.117,5,2,0,0,,,11176,,192.168.1.214,2024-09-04 15:22:02,,,2024-08-20 18:01:46,2024-04-17 16:52:15,,2024-08-20 17:09:24,,2024-03-08 20:41:23,,,1
RXXONYS44B,Toronto Stock 20241203,,0,3ce4b0d75ef1,,172.17.2.213,5,2,0,,,,11214,209.20.60.12,192.168.111.190,2024-05-27 13:01:54,,,2024-12-03 18:01:35,2024-12-03 17:06:53,2024-12-03 16:59:53,,,2024-10-22 19:14:01,0,,1
RYTYBSB44B,Reliable 20240820,,0,3ce0641c4f11,,172.17.2.117,5,2,0,0,,,11170,,192.168.1.210,2024-09-04 15:19:55,,,2024-08-20 19:48:22,2024-09-04 15:31:44,,2024-08-20 19:44:17,,2024-08-20 17:04:50,,,1
SDZWISB44B,Reliable 20240820,,0,3ce0648b6472,,172.17.2.214,5,2,0,0,,,11170,,192.168.1.153,2024-09-04 16:03:12,,,2024-04-21 14:51:27,2024-08-20 18:44:00,2024-04-04 13:40:18,2024-08-20 18:42:38,,2024-01-23 17:34:12,,,1
SGBW7NB5AD,Reliable 20240820 - Returned 20241121,,0,60e85bfb04d2,,172.17.2.182,5,2,0,0,,,11170,,192.168.1.78,2024-09-04 15:04:25,,,2024-09-04 15:17:41,,,2024-08-20 16:43:16,,2024-08-20 16:28:49,,,1
SHRTGSB44B,Reliable 20240820,,0,3ce06469c4f2,,172.17.2.214,5,2,0,0,,,11170,,192.168.1.80,2024-09-04 15:47:02,,,2024-09-04 16:01:07,,2024-09-04 16:01:50,2024-08-20 18:56:27,,2024-08-20 17:18:22,,,1
SLWCHSB44B,Reliable 20240820,,0,3ce064715972,,172.17.2.214,5,2,0,0,,,11170,,192.168.1.139,2024-05-27 13:01:54,,,2024-08-20 17:02:16,,,2024-08-20 16:55:12,,2024-04-22 17:25:20,,,1
SQUTISB44B,Vancouver 20241022,,0,3ce06489d212,,172.17.2.118,5,2,0,0,,,11198,184.71.162.178,192.168.1.58,2024-05-27 13:01:54,,,2024-11-26 21:43:40,,,2024-08-20 20:33:47,,2024-08-20 20:14:52,0,,1
SVQWISB44B,Reliable 20240820,,1,3ce0648b42b2,10.241.64.246,172.17.2.150,5,0,7,0,,,11186,209.20.60.12,192.168.111.227,2024-10-04 16:59:57,,,2024-10-04 17:08:15,2024-10-18 15:58:10,2024-09-10 17:19:56,2024-10-18 15:58:12,,2024-04-22 17:24:20,10,,1
T7J6GSB44B,Reliable 20240820 - Winnipeg,,0,3ce0646f27f3,,172.17.2.215,5,2,0,0,,,11170,,192.168.1.32,2024-09-04 15:03:51,,,2024-09-04 15:15:46,2024-09-04 15:18:40,,2024-08-20 18:42:34,,2024-04-18 15:01:09,,,1
TA75GSB44B,Reliable 20240912,,0,3ce0646efc13,,172.17.2.119,5,2,0,0,,,11198,184.71.162.178,192.168.1.71,2024-11-25 18:34:21,,,2024-09-14 14:36:40,,2024-05-08 22:11:17,2024-09-12 17:41:35,,2024-04-22 17:53:31,0,,1
TAN5GSB44B,Dee Murphy for display 20241206,,0,3ce0646eb413,,172.17.2.119,5,2,0,0,,,11214,209.20.60.12,192.168.111.127,2024-12-03 17:37:30,,,2024-09-14 15:24:05,2024-09-14 17:41:04,2024-09-14 17:47:53,2024-09-12 17:28:02,,2024-04-04 15:08:49,0,,1
TGK5GSB44B,Reliable 20240820,,0,3ce0646ea8d3,,172.17.2.183,5,2,0,0,,,11170,,192.168.1.69,2024-05-27 13:01:54,,,2024-09-04 15:14:56,,,,,2024-08-20 20:35:07,,,1
TPR3Z5B6YE,Reliable 20240820,,0,98f07b9dc5f3,,172.17.2.215,5,2,0,0,,,11198,184.71.162.178,192.168.1.32,2024-11-27 16:52:57,,,2024-09-04 17:03:46,2024-09-04 17:05:29,,2024-08-22 14:53:41,,2024-07-16 12:16:32,0,,1
TXWYBSB44B,Reliable 20240912,,1,3ce0641c5af3,10.241.65.6,172.17.2.215,5,2,0,0,,,11198,184.71.162.178,192.168.1.173,2024-11-26 23:48:39,,,2024-09-12 17:54:41,2024-04-17 15:49:57,2024-09-04 15:32:26,,,2024-04-17 12:41:25,73,,1
TYVWISB44B,Reliable 20240912,,0,3ce0648b5713,,172.17.2.119,5,2,0,0,,,11198,184.71.162.178,192.168.1.95,2024-11-25 18:43:50,,,2024-04-17 18:38:15,,,2024-09-12 16:02:19,,2024-04-04 15:42:59,0,,1
UEDH7NB5AD,Reliable 20240912 PRO,,1,60e85bf38c94,10.241.64.178,172.17.2.120,5,0,0,0,,,11198,184.71.162.178,192.168.1.89,2024-11-25 22:47:05,,,2024-11-25 23:09:20,,,2024-09-14 15:10:56,,2024-03-13 17:34:12,71,,1
UFW7GSB44B,Reliable 20240912,,0,3ce0646fd8b4,,172.17.2.152,5,2,0,0,,,11198,184.71.162.178,192.168.1.119,2024-11-25 19:02:24,,,2024-09-04 17:16:51,,2024-04-19 17:53:05,2024-09-12 16:02:26,,2024-03-23 17:34:12,0,,1
UICONYS44B,Reliable 20240820 PRO 2x Calib,30,1,3ce4b0d70914,10.241.65.198,172.17.2.120,5,0,7,0,,,11226,184.151.230.162,192.168.1.144,2024-12-04 16:09:08,,,2024-12-31 18:12:15,,,2024-08-22 15:14:01,,2024-08-22 15:14:01,105,,1
UIXCHSB44B,Toronto Klos,66,1,3ce064715d14,10.241.64.238,172.17.2.120,5,2,3,0,,,11226,174.89.152.58,192.168.2.38,2024-12-12 11:53:39,,,2024-12-31 18:06:25,2024-05-04 11:56:04,,,,2023-11-20 19:52:28,12,,1
UKL3Z5B6YE,Reliable 20240820,74,0,98f07b9dad54,,172.17.2.184,5,2,3,0,,,11226,216.232.115.247,192.168.0.176,2024-12-28 16:15:41,,,2024-12-31 17:40:40,2024-11-22 03:19:57,2024-11-12 23:40:26,2024-08-22 14:47:24,,2024-08-20 16:15:35,84,,1
UKPTISB44B,Reliable 20240912 PRO,,1,3ce06489bd54,10.241.64.86,172.17.2.184,5,0,0,0,,,11198,184.71.162.178,192.168.1.13,2024-11-25 22:48:22,,,2024-11-25 23:10:50,,2024-11-25 22:54:06,2024-09-14 15:10:59,,2023-11-18 23:10:09,69,,1
UMRE4DCCIF,12 K DE K 20231118,10,1,a81087c24594,10.241.64.154,172.17.2.120,5,0,7,0,,,11226,198.217.116.5,192.168.1.24,2024-12-23 20:58:06,,,2024-12-31 18:24:11,,,,,2023-11-18 23:10:09,88,,1
UVH3Z5B6YE,VGHOME V2 TEST 20240820,73,1,98f07b9d9eb4,10.241.64.218,172.17.2.152,5,2,0,0,,,11226,209.20.60.12,192.168.111.72,2024-12-17 15:43:41,,,2024-12-31 18:22:29,2024-12-15 20:09:40,2024-12-02 16:15:17,2024-12-19 14:42:41,,2024-08-20 16:22:20,10,,1
UVIENVAGMD,Reliable 20240820,,0,6c302ad222b4,,172.17.2.152,5,2,0,0,,,11170,,192.168.1.93,2024-09-04 16:49:16,,,2024-09-04 17:03:42,,,2024-08-22 14:53:38,,2024-04-04 16:43:40,,,1
UZDW7NB5AD,Prince Edward (R40) 20240307,24,1,60e85bfb0f34,10.241.64.230,172.17.2.152,5,0,7,0,,,11226,50.98.52.68,192.168.30.251,2024-12-20 19:49:13,,,2024-12-31 18:21:26,,2024-05-02 01:18:15,,,2024-03-07 19:01:16,94,,1
VO3TISB44B,Reliable 20240820 PRO,,1,3ce06489edd5,10.241.64.90,172.17.2.185,5,0,0,0,,,11170,,192.168.1.43,2024-09-04 18:06:44,,,2024-08-20 21:39:50,,,2024-08-22 14:05:25,,2023-11-18 23:10:09,,,1
VSTWISB44B,Reliable 20240820,53,0,3ce0648b4e55,10.241.65.18,172.17.2.185,5,2,3,0,,,11226,74.15.35.135,192.168.2.59,2024-11-21 16:08:54,,,2024-12-31 17:55:55,2024-11-19 17:11:49,2024-11-06 18:51:54,2024-08-20 18:31:23,,2024-04-18 15:00:43,12,,1
VVO5GSB44B,Bundle - Gescan 20240404,211,0,3ce0646ebab5,,172.17.2.153,5,2,0,0,,,11108,,192.168.1.62,2023-06-18 14:55:45,,,2024-06-12 21:57:32,,,2024-04-04 15:20:52,,2024-04-04 15:03:41,,,1
W63BPSTQUB,Reliable 20240820 PRO,,1,3484e4f0efd6,10.241.65.174,172.17.2.186,5,0,7,0,,,11222,184.151.230.97,192.168.2.3,2024-12-09 21:24:26,,,2024-12-09 21:32:40,,,2024-08-22 13:45:29,,2024-08-20 21:28:12,168,,1
WEM6GSB44B,Reliable 20240820 PRO,7,1,3ce0646f3096,10.241.65.122,172.17.2.122,5,0,7,0,,,11226,206.116.200.81,192.168.1.70,2024-11-23 01:25:03,,,2024-12-31 17:57:52,2024-08-08 13:30:42,,2024-08-22 14:05:30,,2024-07-25 17:47:07,67,,1
WFB6GSB44B,2242 Folkstone (R40) 20231130,22,1,3ce0646f04b6,10.241.64.142,172.17.2.154,5,0,7,0,,,11214,50.68.241.60,192.168.0.10,2024-11-30 07:50:47,,,2024-11-30 11:43:21,,,,,2023-11-30 20:35:42,69,,1
WGUYBSB44B,Toronto Kloss 20241022,,0,3ce0641c50d6,,172.17.2.186,5,2,0,0,,,11170,,192.168.1.21,2024-05-27 13:01:54,,,2024-08-20 20:16:01,,,2024-08-20 20:12:46,,2024-04-22 18:31:05,,,1
WNP3BSB44B,VG Inventory - Reliable 20240418,,0,3ce0641dbdb6,,172.17.2.154,5,2,0,0,,,11106,,192.168.1.178,2024-04-22 18:40:15,,,,,2024-04-22 18:40:36,,,2024-04-18 22:28:24,,,1
WOPXQU3AEF,1.01 -- RC6,,1,a406e90bbdd6,10.241.64.46,172.17.2.186,5,2,1,0,,,11184,206.231.127.122,192.168.1.93,2024-09-09 11:02:06,,,2024-07-13 13:45:51,2024-09-10 16:56:46,2024-07-09 15:25:06,2024-07-09 15:25:13,2024-05-22 14:01:28,2023-11-28 15:08:18,94,,1
X42YBSB44B,Dean Ford 20240305,57,1,3ce0641c6b97,10.241.64.222,172.17.2.123,5,2,3,0,,,11226,184.69.27.26,192.168.25.125,2024-12-05 16:30:48,,,2024-12-31 18:24:04,,,,,2024-03-05 00:51:49,79,,1
XGB6GSB44B,Bundle - Gescan 20240404,,1,3ce0646f04d7,10.241.65.206,172.17.2.187,5,2,3,0,,,11226,173.180.241.93,192.168.1.66,2024-09-25 22:48:41,,,2024-12-31 18:04:02,2023-06-18 15:00:50,2023-06-18 15:04:46,2024-04-04 14:26:44,,2024-04-04 14:25:45,74,,1
XHF6GSB44B,Reliable 20240820,,0,3ce0646f14f7,,172.17.2.219,5,2,0,0,,,11198,184.71.162.178,192.168.1.146,2024-11-25 17:12:51,,,2024-11-25 17:32:00,2024-06-12 22:59:13,2024-04-22 16:17:16,2024-08-20 18:42:42,,2024-04-04 15:43:04,0,,1
XLZBPSTQUB,Toronto Stock 20241203,,0,3484e4f0e577,,172.17.2.219,5,2,0,,,,11214,209.20.60.12,192.168.111.96,2024-12-03 17:40:11,,,2024-11-27 17:06:03,,,,,2024-10-22 18:58:54,0,,1
XP2BPSTQUB,Reliable 20240820 PRO,,1,3484e4f0e9f7,10.241.65.74,172.17.2.219,5,0,0,0,,,11176,,192.168.1.243,2024-09-04 21:54:47,,,2024-09-04 19:48:29,,,2024-08-20 20:33:32,,2024-06-07 15:19:41,,,1
XTI3Z5B6YE,Vancouver 20241022,,0,98f07b9da277,,172.17.2.219,5,2,0,,,,11198,184.71.162.178,192.168.1.220,2024-11-27 17:12:08,,,2024-11-27 17:24:30,,,,,2024-10-22 20:09:09,0,,1
XW3TISB44B,Reliable 20231128,,1,3ce06489eed7,10.241.64.14,172.17.2.187,5,0,0,0,,,11098,,192.168.1.154,2023-06-18 14:55:45,,,2024-04-12 14:20:50,2024-04-15 15:46:27,2024-04-15 15:47:53,,,2023-11-28 15:08:18,,,1
XYTYBSB44B,Reliable 20240912,,0,3ce0641c4f17,,172.17.2.123,5,2,0,0,,,11198,184.71.162.178,192.168.1.216,2024-05-27 13:01:54,,,2024-09-14 18:05:00,,,,,2024-04-04 16:23:45,0,,1
Y3S6GSB44B,Reliable 20240820 - 418 28th St West,204,1,3ce0646f4b78,,172.17.2.220,5,2,3,0,,,11226,24.80.246.150,192.168.0.27,2024-11-27 23:37:22,,,2024-12-19 16:39:06,2024-11-21 20:54:53,2024-05-27 13:10:54,2024-08-20 20:12:56,,2024-08-20 16:41:09,336,,1
Y4P36FEZID,Great Oak Cohousing South 20240201,14,1,68c90bedbf98,10.241.64.198,172.17.2.124,5,0,3,0,,,11226,70.90.143.154,10.7.38.66,2024-06-09 19:41:07,,,2024-12-31 18:19:02,,,,,2024-02-01 19:09:36,45,,1
YBYCKMCXUH,Reliable 20240820 - Windsor 20241121,,0,f4b898a16038,,172.17.2.156,5,2,0,0,,,11170,,192.168.1.53,2024-05-27 13:01:54,,,2024-09-04 15:15:22,2024-09-04 15:17:53,,2024-08-20 20:12:50,,2024-04-18 17:49:32,,,1
YTMORNB5AD,Dee Murphy for display 20241206,,1,60e85b173278,10.241.64.82,172.17.2.220,5,2,7,0,,,11214,209.20.60.12,192.168.111.162,2024-12-03 20:58:26,,,2024-11-01 17:23:21,2024-12-03 21:02:04,2024-08-30 13:58:57,2024-08-30 01:38:12,,2023-11-28 15:08:18,10,,1
YXDNQNB5AD,Reliable 20240820,,0,60e85b068ef8,,172.17.2.220,5,2,0,0,,,11198,184.71.162.178,192.168.1.118,2024-05-27 13:01:54,,,2024-11-25 16:31:14,,,2024-08-20 17:09:28,,2024-04-18 17:23:43,0,,1
Z5YLAUGVUE,Reliable 20240820,,0,94a9a805e3b9,,172.17.2.157,5,2,0,0,,,11198,184.71.162.178,192.168.1.151,2024-11-25 16:09:22,,,2024-11-25 16:33:55,2024-10-18 13:43:13,2024-05-27 13:02:20,2024-08-22 14:47:27,,2024-08-20 14:00:17,0,,1
ZSQCFMCXUH,Reliable 20240912 PRO,,1,f4b898514259,10.241.64.242,172.17.2.189,5,0,0,0,,,11198,184.71.162.178,192.168.1.8,2024-11-25 22:48:17,,,2024-11-25 23:10:30,2024-05-05 14:39:41,2024-09-14 15:30:57,2024-09-14 15:29:39,,2023-11-18 23:10:09,72,,1
